account_number, mgmt_start_date, uma_template, UMA_CASH_MVT, UMA_DATE_PROCH_INTEGR , UMA_MODEL_NO, ALLOCATION_UMA_1A7
04-AAYW-A,2010-03-20,Template1,1000,2010-03-21,~M-00007-0,1
04-ABBR-A,2010-03-20,Template1,1001,2010-03-21,~M-00007-0,1
04-AGN2-A,2010-03-20,Template1,1002,2010-03-21,~M-00007-0,1
04-AHQQ-A,2010-03-20,Template1,1003,2010-03-21,~M-00007-0,1
05-FK5G-E,2010-03-20,Template1,1004,2010-03-21,~M-00007-0,1
05-FS04-E,2010-03-20,Template1,1005,2010-03-21,~M-00007-0,1
05-FX1F-A,2010-03-20,Template1,1006,2010-03-21,~M-00007-0,1
05-FX1F-E,2010-03-20,Template1,1007,2010-03-21,~M-00007-0,1
05-FX1F-F,2010-03-20,Template1,1008,2010-03-21,~M-00007-0,1
05-G08Z-A,2010-03-20,Template1,1009,2010-03-21,~M-00007-0,1
05-G09P-A,2010-03-20,Template1,1010,2010-03-21,~M-00007-0,1
05-G13Q-E,2010-03-20,Template1,1011,2010-03-21,~M-00007-0,1
05-G268-A,2010-03-20,Template1,1012,2010-03-21,~M-00007-0,1
05-G2L0-A,2010-03-20,Template1,1013,2010-03-21,~M-00007-0,1
05-G30U-A,2010-03-20,Template1,1014,2010-03-21,~M-00007-0,1
05-G3RR-A,2010-03-20,Template1,1015,2010-03-21,~M-00007-0,1
05-G3XK-E,2010-03-20,Template1,1016,2010-03-21,~M-00007-0,1
05-G4AF-A,2010-03-20,Template1,1017,2010-03-21,~M-00007-0,1
05-G4YV-A,2010-03-20,Template1,1018,2010-03-21,~M-00007-0,1
05-G607-E,2010-03-20,Template1,1019,2010-03-21,~M-00007-0,1
05-GB5X-A,2010-03-20,Template1,1020,2010-03-21,~M-00007-0,1
05-GDJK-E,2010-03-20,Template1,1021,2010-03-21,~M-00007-0,1
05-GG10-E,2010-03-20,Template1,1022,2010-03-21,~M-00007-0,1
05-GN83-A,2010-03-20,Template1,1023,2010-03-21,~M-00007-0,1
05-GVR4-E,2010-03-20,Template1,1024,2010-03-21,~M-00007-0,1
05-GWUD-B,2010-03-20,Template1,1025,2010-03-21,~M-00007-0,1
05-GX2G-A,2010-03-20,Template1,1026,2010-03-21,~M-00007-0,1
05-GX5F-E,2010-03-20,Template1,1027,2010-03-21,~M-00007-0,1
05-GX8N-A,2010-03-20,Template1,1028,2010-03-21,~M-00007-0,1
05-GXW6-E,2010-03-20,Template1,1029,2010-03-21,~M-00007-0,1
05-GZMU-A,2010-03-20,Template1,1030,2010-03-21,~M-00007-0,1
05-GZX6-A,2010-03-20,Template1,1031,2010-03-21,~M-00007-0,1
05-H0WL-B,2010-03-20,Template1,1032,2010-03-21,~M-00007-0,1
05-H147-E,2010-03-20,Template1,1033,2010-03-21,~M-00007-0,1
05-H21R-E,2010-03-20,Template1,1034,2010-03-21,~M-00007-0,1
05-H4G4-E,2010-03-20,Template1,1035,2010-03-21,~M-00007-0,1
05-H5FL-E,2010-03-20,Template1,1036,2010-03-21,~M-00007-0,1
05-H60Z-A,2010-03-20,Template1,1037,2010-03-21,~M-00007-0,1
05-H9TW-F,2010-03-20,Template1,1038,2010-03-21,~M-00007-0,1
05-HA0S-A,2010-03-20,Template1,1039,2010-03-21,~M-00007-0,1
05-HBLM-X,2010-03-20,Template1,1040,2010-03-21,~M-00007-0,1
05-HFGH-B,2010-03-20,Template1,1041,2010-03-21,~M-00007-0,1
05-HHGJ-E,2010-03-20,Template1,1042,2010-03-21,~M-00007-0,1
05-HL8N-T,2010-03-20,Template1,1043,2010-03-21,~M-00007-0,1
05-HLD0-E,2010-03-20,Template1,1044,2010-03-21,~M-00007-0,1
05-HLHX-E,2010-03-20,Template1,1045,2010-03-21,~M-00007-0,1
05-HMVM-A,2010-03-20,Template1,1046,2010-03-21,~M-00007-0,1
05-HRAY-E,2010-03-20,Template1,1047,2010-03-21,~M-00007-0,1
05-HRSV-E,2010-03-20,Template1,1048,2010-03-21,~M-00007-0,1
05-HWJF-A,2010-03-20,Template1,1049,2010-03-21,~M-00007-0,1
05-HXMP-E,2010-03-20,Template1,1050,2010-03-21,~M-00007-0,1
05-HYMS-A,2010-03-20,Template1,1051,2010-03-21,~M-00007-0,1
08-091X-E,2010-03-20,Template1,1052,2010-03-21,~M-00007-0,1
0B-CABB-A,2010-03-20,Template1,1053,2010-03-21,~M-00007-0,1
0B-CABN-A,2010-03-20,Template1,1054,2010-03-21,~M-00007-0,1
0B-CABP-A,2010-03-20,Template1,1055,2010-03-21,~M-00007-0,1
0B-CABR-A,2010-03-20,Template1,1056,2010-03-21,~M-00007-0,1
0B-CABT-A,2010-03-20,Template1,1057,2010-03-21,~M-00007-0,1
0B-CABW-A,2010-03-20,Template1,1058,2010-03-21,~M-00007-0,1
0B-CABX-A,2010-03-20,Template1,1059,2010-03-21,~M-00007-0,1
0B-CABX-B,2010-03-20,Template1,1060,2010-03-21,~M-00007-0,1
0B-CACB-A,2010-03-20,Template1,1061,2010-03-21,~M-00007-0,1
0B-CACD-A,2010-03-20,Template1,1062,2010-03-21,~M-00007-0,1
11-01VW-E,2010-03-20,Template1,1063,2010-03-21,~M-00007-0,1
11-01VX-E,2010-03-20,Template1,1064,2010-03-21,~M-00007-0,1
11-1ABV-A,2010-03-20,Template1,1065,2010-03-21,~M-00007-0,1
11-1F1T-X,2010-03-20,Template1,1066,2010-03-21,~M-00007-0,1
11-1F7H-E,2010-03-20,Template1,1067,2010-03-21,~M-00007-0,1
11-1FR7-E,2010-03-20,Template1,1068,2010-03-21,~M-00007-0,1
11-1FR7-F,2010-03-20,Template1,1069,2010-03-21,~M-00007-0,1
11-1N2V-E,2010-03-20,Template1,1070,2010-03-21,~M-00007-0,1
11-4CA6-E,2010-03-20,Template1,1071,2010-03-21,~M-00007-0,1
11-4GQY-E,2010-03-20,Template1,1072,2010-03-21,~M-00007-0,1
11-4RC2-E,2010-03-20,Template1,1073,2010-03-21,~M-00007-0,1
11-57YR-E,2010-03-20,Template1,1074,2010-03-21,~M-00007-0,1
11-5V2G-E,2010-03-20,Template1,1075,2010-03-21,~M-00007-0,1
11-610Z-E,2010-03-20,Template1,1076,2010-03-21,~M-00007-0,1
11-6G39-A,2010-03-20,Template1,1077,2010-03-21,~M-00007-0,1
11-79B1-E,2010-03-20,Template1,1078,2010-03-21,~M-00007-0,1
11-79NY-A,2010-03-20,Template1,1079,2010-03-21,~M-00007-0,1
11-79NY-B,2010-03-20,Template1,1080,2010-03-21,~M-00007-0,1
11-7XT2-T,2010-03-20,Template1,1081,2010-03-21,~M-00007-0,1
11-7ZFK-T,2010-03-20,Template1,1082,2010-03-21,~M-00007-0,1
11-89W2-A,2010-03-20,Template1,1083,2010-03-21,~M-00007-0,1
11-89W3-A,2010-03-20,Template1,1084,2010-03-21,~M-00007-0,1
11-8HT8-7,2010-03-20,Template1,1085,2010-03-21,~M-00007-0,1
11-8HT8-S,2010-03-20,Template1,1086,2010-03-21,~M-00007-0,1
11-8HYT-7,2010-03-20,Template1,1087,2010-03-21,~M-00007-0,1
11-8HYT-S,2010-03-20,Template1,1088,2010-03-21,~M-00007-0,1
11-8T16-A,2010-03-20,Template1,1089,2010-03-21,~M-00007-0,1
11-B7Q6-A,2010-03-20,Template1,1090,2010-03-21,~M-00007-0,1
11-BQBR-E,2010-03-20,Template1,1091,2010-03-21,~M-00007-0,1
11-BQFY-A,2010-03-20,Template1,1092,2010-03-21,~M-00007-0,1
11-C007-E,2010-03-20,Template1,1093,2010-03-21,~M-00007-0,1
11-C8QY-E,2010-03-20,Template1,1094,2010-03-21,~M-00007-0,1
11-CR3G-A,2010-03-20,Template1,1095,2010-03-21,~M-00007-0,1
11-CTA5-A,2010-03-20,Template1,1096,2010-03-21,~M-00007-0,1
11-CTZR-A,2010-03-20,Template1,1097,2010-03-21,~M-00007-0,1
11-CYXW-S,2010-03-20,Template1,1098,2010-03-21,~M-00007-0,1
11-F75X-A,2010-03-20,Template1,1099,2010-03-21,~M-00007-0,1
11-H7HV-E,2010-03-20,Template1,1100,2010-03-21,~M-00007-0,1
11-RQVZ-A,2010-03-20,Template1,1101,2010-03-21,~M-00007-0,1
11-RQVZ-B,2010-03-20,Template1,1102,2010-03-21,~M-00007-0,1
11-RY5V-A,2010-03-20,Template1,1103,2010-03-21,~M-00007-0,1
11-RY5V-B,2010-03-20,Template1,1104,2010-03-21,~M-00007-0,1
11-T1GR-E,2010-03-20,Template1,1105,2010-03-21,~M-00007-0,1
11-T314-A,2010-03-20,Template1,1106,2010-03-21,~M-00007-0,1
11-T3R6-E,2010-03-20,Template1,1107,2010-03-21,~M-00007-0,1
11-T83N-A,2010-03-20,Template1,1108,2010-03-21,~M-00007-0,1
11-T92V-E,2010-03-20,Template1,1109,2010-03-21,~M-00007-0,1
11-T9GG-E,2010-03-20,Template1,1110,2010-03-21,~M-00007-0,1
11-T9GG-T,2010-03-20,Template1,1111,2010-03-21,~M-00007-0,1
11-V0AN-A,2010-03-20,Template1,1112,2010-03-21,~M-00007-0,1
11-V0YV-A,2010-03-20,Template1,1113,2010-03-21,~M-00007-0,1
11-V1B4-A,2010-03-20,Template1,1114,2010-03-21,~M-00007-0,1
11-V5KV-A,2010-03-20,Template1,1115,2010-03-21,~M-00007-0,1
11-V5YG-E,2010-03-20,Template1,1116,2010-03-21,~M-00007-0,1
11-V6V7-E,2010-03-20,Template1,1117,2010-03-21,~M-00007-0,1
11-V6VN-E,2010-03-20,Template1,1118,2010-03-21,~M-00007-0,1
11-V6XN-A,2010-03-20,Template1,1119,2010-03-21,~M-00007-0,1
11-VAQR-A,2010-03-20,Template1,1120,2010-03-21,~M-00007-0,1
11-VB49-E,2010-03-20,Template1,1121,2010-03-21,~M-00007-0,1
11-VC13-A,2010-03-20,Template1,1122,2010-03-21,~M-00007-0,1
11-VHW0-B,2010-03-20,Template1,1123,2010-03-21,~M-00007-0,1
11-VKRW-F,2010-03-20,Template1,1124,2010-03-21,~M-00007-0,1
11-VKVV-A,2010-03-20,Template1,1125,2010-03-21,~M-00007-0,1
11-VKY1-X,2010-03-20,Template1,1126,2010-03-21,~M-00007-0,1
11-VNF8-E,2010-03-20,Template1,1127,2010-03-21,~M-00007-0,1
11-VQ67-A,2010-03-20,Template1,1128,2010-03-21,~M-00007-0,1
11-VQ7N-A,2010-03-20,Template1,1129,2010-03-21,~M-00007-0,1
11-VVA4-X,2010-03-20,Template1,1130,2010-03-21,~M-00007-0,1
11-VVBG-X,2010-03-20,Template1,1131,2010-03-21,~M-00007-0,1
11-VW0N-A,2010-03-20,Template1,1132,2010-03-21,~M-00007-0,1
11-VWZ9-A,2010-03-20,Template1,1133,2010-03-21,~M-00007-0,1
11-VX20-A,2010-03-20,Template1,1134,2010-03-21,~M-00007-0,1
11-VYBG-A,2010-03-20,Template1,1135,2010-03-21,~M-00007-0,1
11-W03Q-A,2010-03-20,Template1,1136,2010-03-21,~M-00007-0,1
11-W07Z-A,2010-03-20,Template1,1137,2010-03-21,~M-00007-0,1
11-W15W-A,2010-03-20,Template1,1138,2010-03-21,~M-00007-0,1
11-W1KH-A,2010-03-20,Template1,1139,2010-03-21,~M-00007-0,1
11-W2HR-A,2010-03-20,Template1,1140,2010-03-21,~M-00007-0,1
11-W2Q0-A,2010-03-20,Template1,1141,2010-03-21,~M-00007-0,1
11-W39E-E,2010-03-20,Template1,1142,2010-03-21,~M-00007-0,1
11-WAA1-A,2010-03-20,Template1,1143,2010-03-21,~M-00007-0,1
11-WT34-E,2010-03-20,Template1,1144,2010-03-21,~M-00007-0,1
11-WT34-X,2010-03-20,Template1,1145,2010-03-21,~M-00007-0,1
11-WT5K-X,2010-03-20,Template1,1146,2010-03-21,~M-00007-0,1
11-WTH6-A,2010-03-20,Template1,1147,2010-03-21,~M-00007-0,1
11-WWQ4-E,2010-03-20,Template1,1148,2010-03-21,~M-00007-0,1
11-WWTX-E,2010-03-20,Template1,1149,2010-03-21,~M-00007-0,1
11-X0B3-E,2010-03-20,Template1,1150,2010-03-21,~M-00007-0,1
11-X0B3-F,2010-03-20,Template1,1151,2010-03-21,~M-00007-0,1
11-X0RQ-A,2010-03-20,Template1,1152,2010-03-21,~M-00007-0,1
11-X1A0-A,2010-03-20,Template1,1153,2010-03-21,~M-00007-0,1
11-X1AR-E,2010-03-20,Template1,1154,2010-03-21,~M-00007-0,1
11-X278-E,2010-03-20,Template1,1155,2010-03-21,~M-00007-0,1
11-X3KX-E,2010-03-20,Template1,1156,2010-03-21,~M-00007-0,1
11-X4T9-E,2010-03-20,Template1,1157,2010-03-21,~M-00007-0,1
11-X4WV-A,2010-03-20,Template1,1158,2010-03-21,~M-00007-0,1
11-X6AN-A,2010-03-20,Template1,1159,2010-03-21,~M-00007-0,1
11-X7G7-A,2010-03-20,Template1,1160,2010-03-21,~M-00007-0,1
11-XR95-A,2010-03-20,Template1,1161,2010-03-21,~M-00007-0,1
11-XR9V-A,2010-03-20,Template1,1162,2010-03-21,~M-00007-0,1
11-XRX9-X,2010-03-20,Template1,1163,2010-03-21,~M-00007-0,1
11-XRXT-A,2010-03-20,Template1,1164,2010-03-21,~M-00007-0,1
11-XTNG-E,2010-03-20,Template1,1165,2010-03-21,~M-00007-0,1
11-XW0H-A,2010-03-20,Template1,1166,2010-03-21,~M-00007-0,1
11-XX04-X,2010-03-20,Template1,1167,2010-03-21,~M-00007-0,1
11-XXFQ-X,2010-03-20,Template1,1168,2010-03-21,~M-00007-0,1
11-XXKW-A,2010-03-20,Template1,1169,2010-03-21,~M-00007-0,1
11-XY00-A,2010-03-20,Template1,1170,2010-03-21,~M-00007-0,1
11-XY01-A,2010-03-20,Template1,1171,2010-03-21,~M-00007-0,1
11-XY0T-E,2010-03-20,Template1,1172,2010-03-21,~M-00007-0,1
11-XY0T-F,2010-03-20,Template1,1173,2010-03-21,~M-00007-0,1
11-XY45-E,2010-03-20,Template1,1174,2010-03-21,~M-00007-0,1
11-XY45-F,2010-03-20,Template1,1175,2010-03-21,~M-00007-0,1
11-Y00P-E,2010-03-20,Template1,1176,2010-03-21,~M-00007-0,1
11-Y01G-E,2010-03-20,Template1,1177,2010-03-21,~M-00007-0,1
11-Y01G-F,2010-03-20,Template1,1178,2010-03-21,~M-00007-0,1
11-Y02N-A,2010-03-20,Template1,1179,2010-03-21,~M-00007-0,1
11-Y03X-E,2010-03-20,Template1,1180,2010-03-21,~M-00007-0,1
11-Y0H7-E,2010-03-20,Template1,1181,2010-03-21,~M-00007-0,1
11-Y0HP-E,2010-03-20,Template1,1182,2010-03-21,~M-00007-0,1
11-Y0T1-A,2010-03-20,Template1,1183,2010-03-21,~M-00007-0,1
11-Y0WH-E,2010-03-20,Template1,1184,2010-03-21,~M-00007-0,1
11-Y0YT-F,2010-03-20,Template1,1185,2010-03-21,~M-00007-0,1
11-Y11Q-E,2010-03-20,Template1,1186,2010-03-21,~M-00007-0,1
11-Y151-A,2010-03-20,Template1,1187,2010-03-21,~M-00007-0,1
11-Y1AX-A,2010-03-20,Template1,1188,2010-03-21,~M-00007-0,1
11-Y1C2-A,2010-03-20,Template1,1189,2010-03-21,~M-00007-0,1
11-Y1RW-A,2010-03-20,Template1,1190,2010-03-21,~M-00007-0,1
11-Y20R-E,2010-03-20,Template1,1191,2010-03-21,~M-00007-0,1
11-Y23Z-A,2010-03-20,Template1,1192,2010-03-21,~M-00007-0,1
11-Y26X-A,2010-03-20,Template1,1193,2010-03-21,~M-00007-0,1
11-Y2D6-A,2010-03-20,Template1,1194,2010-03-21,~M-00007-0,1
11-Y2FH-A,2010-03-20,Template1,1195,2010-03-21,~M-00007-0,1
11-Y3A4-A,2010-03-20,Template1,1196,2010-03-21,~M-00007-0,1
11-Y3DP-A,2010-03-20,Template1,1197,2010-03-21,~M-00007-0,1
11-Y3DP-B,2010-03-20,Template1,1198,2010-03-21,~M-00007-0,1
11-Y3DZ-A,2010-03-20,Template1,1199,2010-03-21,~M-00007-0,1
11-Y3G1-A,2010-03-20,Template1,1200,2010-03-21,~M-00007-0,1
11-Y3QR-A,2010-03-20,Template1,1201,2010-03-21,~M-00007-0,1
11-Y410-A,2010-03-20,Template1,1202,2010-03-21,~M-00007-0,1
11-Y46P-A,2010-03-20,Template1,1203,2010-03-21,~M-00007-0,1
11-Y47P-A,2010-03-20,Template1,1204,2010-03-21,~M-00007-0,1
11-Y4CW-X,2010-03-20,Template1,1205,2010-03-21,~M-00007-0,1
11-Y4R5-A,2010-03-20,Template1,1206,2010-03-21,~M-00007-0,1
11-Y4R9-A,2010-03-20,Template1,1207,2010-03-21,~M-00007-0,1
11-Y4TP-A,2010-03-20,Template1,1208,2010-03-21,~M-00007-0,1
11-Y4TP-B,2010-03-20,Template1,1209,2010-03-21,~M-00007-0,1
11-Y4Z1-A,2010-03-20,Template1,1210,2010-03-21,~M-00007-0,1
11-Y515-F,2010-03-20,Template1,1211,2010-03-21,~M-00007-0,1
11-Y53W-A,2010-03-20,Template1,1212,2010-03-21,~M-00007-0,1
11-Y57Q-A,2010-03-20,Template1,1213,2010-03-21,~M-00007-0,1
11-Y5B8-E,2010-03-20,Template1,1214,2010-03-21,~M-00007-0,1
11-Y5D7-E,2010-03-20,Template1,1215,2010-03-21,~M-00007-0,1
11-Y5GK-E,2010-03-20,Template1,1216,2010-03-21,~M-00007-0,1
11-Y5GK-F,2010-03-20,Template1,1217,2010-03-21,~M-00007-0,1
11-Y5R3-E,2010-03-20,Template1,1218,2010-03-21,~M-00007-0,1
11-Y5XX-A,2010-03-20,Template1,1219,2010-03-21,~M-00007-0,1
11-Y62N-E,2010-03-20,Template1,1220,2010-03-21,~M-00007-0,1
11-Y62V-A,2010-03-20,Template1,1221,2010-03-21,~M-00007-0,1
11-Y63Y-B,2010-03-20,Template1,1222,2010-03-21,~M-00007-0,1
11-Y673-E,2010-03-20,Template1,1223,2010-03-21,~M-00007-0,1
11-Y68G-A,2010-03-20,Template1,1224,2010-03-21,~M-00007-0,1
11-Y6R2-E,2010-03-20,Template1,1225,2010-03-21,~M-00007-0,1
11-Y6WR-E,2010-03-20,Template1,1226,2010-03-21,~M-00007-0,1
11-Y6WT-E,2010-03-20,Template1,1227,2010-03-21,~M-00007-0,1
11-Y6WT-F,2010-03-20,Template1,1228,2010-03-21,~M-00007-0,1
11-Y72H-X,2010-03-20,Template1,1229,2010-03-21,~M-00007-0,1
11-Y75W-A,2010-03-20,Template1,1230,2010-03-21,~M-00007-0,1
11-Y76R-E,2010-03-20,Template1,1231,2010-03-21,~M-00007-0,1
11-Y7AX-B,2010-03-20,Template1,1232,2010-03-21,~M-00007-0,1
11-Y7AY-A,2010-03-20,Template1,1233,2010-03-21,~M-00007-0,1
11-Y7AY-B,2010-03-20,Template1,1234,2010-03-21,~M-00007-0,1
11-Y7DX-A,2010-03-20,Template1,1235,2010-03-21,~M-00007-0,1
11-Y7F5-A,2010-03-20,Template1,1236,2010-03-21,~M-00007-0,1
11-Y7K7-A,2010-03-20,Template1,1237,2010-03-21,~M-00007-0,1
11-Y7KK-E,2010-03-20,Template1,1238,2010-03-21,~M-00007-0,1
11-Y7NQ-A,2010-03-20,Template1,1239,2010-03-21,~M-00007-0,1
11-Y7VQ-A,2010-03-20,Template1,1240,2010-03-21,~M-00007-0,1
11-Y7WG-E,2010-03-20,Template1,1241,2010-03-21,~M-00007-0,1
11-Y845-A,2010-03-20,Template1,1242,2010-03-21,~M-00007-0,1
11-Y85K-E,2010-03-20,Template1,1243,2010-03-21,~M-00007-0,1
11-Y85K-F,2010-03-20,Template1,1244,2010-03-21,~M-00007-0,1
11-Y86Y-A,2010-03-20,Template1,1245,2010-03-21,~M-00007-0,1
11-Y8DN-A,2010-03-20,Template1,1246,2010-03-21,~M-00007-0,1
11-Y8FY-A,2010-03-20,Template1,1247,2010-03-21,~M-00007-0,1
11-Y8R6-E,2010-03-20,Template1,1248,2010-03-21,~M-00007-0,1
11-Y8T9-A,2010-03-20,Template1,1249,2010-03-21,~M-00007-0,1
11-Y8VW-A,2010-03-20,Template1,1250,2010-03-21,~M-00007-0,1
11-Y8XZ-A,2010-03-20,Template1,1251,2010-03-21,~M-00007-0,1
11-YA58-A,2010-03-20,Template1,1252,2010-03-21,~M-00007-0,1
11-YAKY-A,2010-03-20,Template1,1253,2010-03-21,~M-00007-0,1
11-YAQ3-E,2010-03-20,Template1,1254,2010-03-21,~M-00007-0,1
11-YAV1-A,2010-03-20,Template1,1255,2010-03-21,~M-00007-0,1
11-YAY6-X,2010-03-20,Template1,1256,2010-03-21,~M-00007-0,1
11-YBH1-E,2010-03-20,Template1,1257,2010-03-21,~M-00007-0,1
11-YCF9-A,2010-03-20,Template1,1258,2010-03-21,~M-00007-0,1
11-YCGG-X,2010-03-20,Template1,1259,2010-03-21,~M-00007-0,1
11-YWX7-A,2010-03-20,Template1,1260,2010-03-21,~M-00007-0,1
11-YWXK-A,2010-03-20,Template1,1261,2010-03-21,~M-00007-0,1
11-YY05-B,2010-03-20,Template1,1262,2010-03-21,~M-00007-0,1
11-YYC5-A,2010-03-20,Template1,1263,2010-03-21,~M-00007-0,1
11-YYCW-E,2010-03-20,Template1,1264,2010-03-21,~M-00007-0,1
11-YYV0-A,2010-03-20,Template1,1265,2010-03-21,~M-00007-0,1
11-YYV0-B,2010-03-20,Template1,1266,2010-03-21,~M-00007-0,1
11-YYWY-A,2010-03-20,Template1,1267,2010-03-21,~M-00007-0,1
11-YYWY-X,2010-03-20,Template1,1268,2010-03-21,~M-00007-0,1
11-YYZ3-B,2010-03-20,Template1,1269,2010-03-21,~M-00007-0,1
11-YYZQ-A,2010-03-20,Template1,1270,2010-03-21,~M-00007-0,1
11-YZ16-A,2010-03-20,Template1,1271,2010-03-21,~M-00007-0,1
11-YZ23-A,2010-03-20,Template1,1272,2010-03-21,~M-00007-0,1
11-YZ4T-E,2010-03-20,Template1,1273,2010-03-21,~M-00007-0,1
11-YZB3-E,2010-03-20,Template1,1274,2010-03-21,~M-00007-0,1
11-YZG6-E,2010-03-20,Template1,1275,2010-03-21,~M-00007-0,1
11-YZNR-A,2010-03-20,Template1,1276,2010-03-21,~M-00007-0,1
11-YZTN-A,2010-03-20,Template1,1277,2010-03-21,~M-00007-0,1
11-YZYK-E,2010-03-20,Template1,1278,2010-03-21,~M-00007-0,1
11-ZA43-E,2010-03-20,Template1,1279,2010-03-21,~M-00007-0,1
11-ZA43-F,2010-03-20,Template1,1280,2010-03-21,~M-00007-0,1
11-ZA43-X,2010-03-20,Template1,1281,2010-03-21,~M-00007-0,1
11-ZA60-A,2010-03-20,Template1,1282,2010-03-21,~M-00007-0,1
11-ZA60-B,2010-03-20,Template1,1283,2010-03-21,~M-00007-0,1
11-ZA61-A,2010-03-20,Template1,1284,2010-03-21,~M-00007-0,1
11-ZA61-B,2010-03-20,Template1,1285,2010-03-21,~M-00007-0,1
11-ZAFK-E,2010-03-20,Template1,1286,2010-03-21,~M-00007-0,1
11-ZAQ0-A,2010-03-20,Template1,1287,2010-03-21,~M-00007-0,1
11-ZB7R-E,2010-03-20,Template1,1288,2010-03-21,~M-00007-0,1
11-ZB8Q-A,2010-03-20,Template1,1289,2010-03-21,~M-00007-0,1
11-ZBAY-E,2010-03-20,Template1,1290,2010-03-21,~M-00007-0,1
11-ZBFG-E,2010-03-20,Template1,1291,2010-03-21,~M-00007-0,1
11-ZBK9-A,2010-03-20,Template1,1292,2010-03-21,~M-00007-0,1
11-ZBKG-A,2010-03-20,Template1,1293,2010-03-21,~M-00007-0,1
11-ZBNP-A,2010-03-20,Template1,1294,2010-03-21,~M-00007-0,1
11-ZBV7-X,2010-03-20,Template1,1295,2010-03-21,~M-00007-0,1
11-ZCF9-A,2010-03-20,Template1,1296,2010-03-21,~M-00007-0,1
11-ZCHY-A,2010-03-20,Template1,1297,2010-03-21,~M-00007-0,1
11-ZCHZ-A,2010-03-20,Template1,1298,2010-03-21,~M-00007-0,1
11-ZCV9-A,2010-03-20,Template1,1299,2010-03-21,~M-00007-0,1
11-ZD14-A,2010-03-20,Template1,1300,2010-03-21,~M-00007-0,1
11-ZD6K-A,2010-03-20,Template1,1301,2010-03-21,~M-00007-0,1
11-ZD7Y-A,2010-03-20,Template1,1302,2010-03-21,~M-00007-0,1
11-ZDBT-A,2010-03-20,Template1,1303,2010-03-21,~M-00007-0,1
11-ZDBT-E,2010-03-20,Template1,1304,2010-03-21,~M-00007-0,1
11-ZDZX-E,2010-03-20,Template1,1305,2010-03-21,~M-00007-0,1
11-ZF0X-A,2010-03-20,Template1,1306,2010-03-21,~M-00007-0,1
11-ZFF7-A,2010-03-20,Template1,1307,2010-03-21,~M-00007-0,1
11-ZFF7-B,2010-03-20,Template1,1308,2010-03-21,~M-00007-0,1
11-ZFW8-A,2010-03-20,Template1,1309,2010-03-21,~M-00007-0,1
11-ZFXG-A,2010-03-20,Template1,1310,2010-03-21,~M-00007-0,1
11-ZFYR-A,2010-03-20,Template1,1311,2010-03-21,~M-00007-0,1
11-ZFYR-B,2010-03-20,Template1,1312,2010-03-21,~M-00007-0,1
11-ZFZH-A,2010-03-20,Template1,1313,2010-03-21,~M-00007-0,1
11-ZFZH-B,2010-03-20,Template1,1314,2010-03-21,~M-00007-0,1
11-ZG2Z-E,2010-03-20,Template1,1315,2010-03-21,~M-00007-0,1
11-ZGFK-X,2010-03-20,Template1,1316,2010-03-21,~M-00007-0,1
11-ZGT9-A,2010-03-20,Template1,1317,2010-03-21,~M-00007-0,1
11-ZH16-A,2010-03-20,Template1,1318,2010-03-21,~M-00007-0,1
11-ZH9Z-A,2010-03-20,Template1,1319,2010-03-21,~M-00007-0,1
11-ZHA1-A,2010-03-20,Template1,1320,2010-03-21,~M-00007-0,1
11-ZHD5-E,2010-03-20,Template1,1321,2010-03-21,~M-00007-0,1
11-ZHK7-A,2010-03-20,Template1,1322,2010-03-21,~M-00007-0,1
11-ZHKZ-A,2010-03-20,Template1,1323,2010-03-21,~M-00007-0,1
11-ZHVN-A,2010-03-20,Template1,1324,2010-03-21,~M-00007-0,1
11-ZHX1-A,2010-03-20,Template1,1325,2010-03-21,~M-00007-0,1
11-ZHYZ-A,2010-03-20,Template1,1326,2010-03-21,~M-00007-0,1
11-ZKAH-A,2010-03-20,Template1,1327,2010-03-21,~M-00007-0,1
11-ZKD6-A,2010-03-20,Template1,1328,2010-03-21,~M-00007-0,1
11-ZKK7-A,2010-03-20,Template1,1329,2010-03-21,~M-00007-0,1
12-0297-E,2010-03-20,Template1,1330,2010-03-21,~M-00007-0,1
12-0487-E,2010-03-20,Template1,1331,2010-03-21,~M-00007-0,1
12-0487-S,2010-03-20,Template1,1332,2010-03-21,~M-00007-0,1
12-0605-E,2010-03-20,Template1,1333,2010-03-21,~M-00007-0,1
12-0810-T,2010-03-20,Template1,1334,2010-03-21,~M-00007-0,1
12-6111-E,2010-03-20,Template1,1335,2010-03-21,~M-00007-0,1
12-6111-X,2010-03-20,Template1,1336,2010-03-21,~M-00007-0,1
12-6787-A,2010-03-20,Template1,1337,2010-03-21,~M-00007-0,1
12-8828-X,2010-03-20,Template1,1338,2010-03-21,~M-00007-0,1
12-D044-A,2010-03-20,Template1,1339,2010-03-21,~M-00007-0,1
12-D858-E,2010-03-20,Template1,1340,2010-03-21,~M-00007-0,1
12-D859-E,2010-03-20,Template1,1341,2010-03-21,~M-00007-0,1
1A-0Q11-E,2010-03-20,Template1,1342,2010-03-21,~M-00007-0,1
1A-0QBY-E,2010-03-20,Template1,1343,2010-03-21,~M-00007-0,1
1A-3F8H-E,2010-03-20,Template1,1344,2010-03-21,~M-00007-0,1
1A-446W-E,2010-03-20,Template1,1345,2010-03-21,~M-00007-0,1
1A-446W-F,2010-03-20,Template1,1346,2010-03-21,~M-00007-0,1
1A-4A45-F,2010-03-20,Template1,1347,2010-03-21,~M-00007-0,1
1A-4AZ9-E,2010-03-20,Template1,1348,2010-03-21,~M-00007-0,1
1A-4AZ9-F,2010-03-20,Template1,1349,2010-03-21,~M-00007-0,1
1A-4B40-E,2010-03-20,Template1,1350,2010-03-21,~M-00007-0,1
1A-4B8R-X,2010-03-20,Template1,1351,2010-03-21,~M-00007-0,1
1A-4BT5-E,2010-03-20,Template1,1352,2010-03-21,~M-00007-0,1
1A-4CC0-E,2010-03-20,Template1,1353,2010-03-21,~M-00007-0,1
1A-4CFV-F,2010-03-20,Template1,1354,2010-03-21,~M-00007-0,1
1A-4XBV-E,2010-03-20,Template1,1355,2010-03-21,~M-00007-0,1
1A-5238-E,2010-03-20,Template1,1356,2010-03-21,~M-00007-0,1
1A-5R72-A,2010-03-20,Template1,1357,2010-03-21,~M-00007-0,1
1A-5T8H-E,2010-03-20,Template1,1358,2010-03-21,~M-00007-0,1
1A-5VF1-A,2010-03-20,Template1,1359,2010-03-21,~M-00007-0,1
1A-5WF4-E,2010-03-20,Template1,1360,2010-03-21,~M-00007-0,1
1A-5ZC1-A,2010-03-20,Template1,1361,2010-03-21,~M-00007-0,1
1A-67B8-E,2010-03-20,Template1,1362,2010-03-21,~M-00007-0,1
1A-6H5X-E,2010-03-20,Template1,1363,2010-03-21,~M-00007-0,1
1A-6KAG-A,2010-03-20,Template1,1364,2010-03-21,~M-00007-0,1
1A-6RK6-B,2010-03-20,Template1,1365,2010-03-21,~M-00007-0,1
1A-7N9Q-A,2010-03-20,Template1,1366,2010-03-21,~M-00007-0,1
1A-7Q35-A,2010-03-20,Template1,1367,2010-03-21,~M-00007-0,1
1A-7Q38-E,2010-03-20,Template1,1368,2010-03-21,~M-00007-0,1
1A-7QB9-E,2010-03-20,Template1,1369,2010-03-21,~M-00007-0,1
1A-A3B7-F,2010-03-20,Template1,1370,2010-03-21,~M-00007-0,1
1A-A3X6-A,2010-03-20,Template1,1371,2010-03-21,~M-00007-0,1
1A-B58X-E,2010-03-20,Template1,1372,2010-03-21,~M-00007-0,1
1A-B693-A,2010-03-20,Template1,1373,2010-03-21,~M-00007-0,1
1A-B6QG-A,2010-03-20,Template1,1374,2010-03-21,~M-00007-0,1
1A-BF8E-A,2010-03-20,Template1,1375,2010-03-21,~M-00007-0,1
1A-BK7E-E,2010-03-20,Template1,1376,2010-03-21,~M-00007-0,1
1A-BRW0-X,2010-03-20,Template1,1377,2010-03-21,~M-00007-0,1
1A-BV1Y-A,2010-03-20,Template1,1378,2010-03-21,~M-00007-0,1
1A-BV1Y-B,2010-03-20,Template1,1379,2010-03-21,~M-00007-0,1
1A-C48E-E,2010-03-20,Template1,1380,2010-03-21,~M-00007-0,1
1A-CN5E-E,2010-03-20,Template1,1381,2010-03-21,~M-00007-0,1
1A-CV7Y-A,2010-03-20,Template1,1382,2010-03-21,~M-00007-0,1
1A-FKGW-E,2010-03-20,Template1,1383,2010-03-21,~M-00007-0,1
1A-FVZG-E,2010-03-20,Template1,1384,2010-03-21,~M-00007-0,1
1A-GCZ2-E,2010-03-20,Template1,1385,2010-03-21,~M-00007-0,1
1A-GKTV-A,2010-03-20,Template1,1386,2010-03-21,~M-00007-0,1
1A-GPV5-E,2010-03-20,Template1,1387,2010-03-21,~M-00007-0,1
1A-GPV5-F,2010-03-20,Template1,1388,2010-03-21,~M-00007-0,1
1A-GQ2E-E,2010-03-20,Template1,1389,2010-03-21,~M-00007-0,1
1A-GX1R-A,2010-03-20,Template1,1390,2010-03-21,~M-00007-0,1
1A-GX1R-B,2010-03-20,Template1,1391,2010-03-21,~M-00007-0,1
1A-GX9X-E,2010-03-20,Template1,1392,2010-03-21,~M-00007-0,1
1A-GXAQ-A,2010-03-20,Template1,1393,2010-03-21,~M-00007-0,1
1A-GXAQ-E,2010-03-20,Template1,1394,2010-03-21,~M-00007-0,1
1A-GXWR-A,2010-03-20,Template1,1395,2010-03-21,~M-00007-0,1
1A-GYHV-A,2010-03-20,Template1,1396,2010-03-21,~M-00007-0,1
1A-GYR4-E,2010-03-20,Template1,1397,2010-03-21,~M-00007-0,1
1A-GYR4-F,2010-03-20,Template1,1398,2010-03-21,~M-00007-0,1
1A-H2Z5-A,2010-03-20,Template1,1399,2010-03-21,~M-00007-0,1
1A-KABE-E,2010-03-20,Template1,1400,2010-03-21,~M-00007-0,1
1A-QBTW-E,2010-03-20,Template1,1401,2010-03-21,~M-00007-0,1
1A-QBTX-E,2010-03-20,Template1,1402,2010-03-21,~M-00007-0,1
1A-QGBH-E,2010-03-20,Template1,1403,2010-03-21,~M-00007-0,1
1A-QGKX-E,2010-03-20,Template1,1404,2010-03-21,~M-00007-0,1
1A-QT3Y-A,2010-03-20,Template1,1405,2010-03-21,~M-00007-0,1
1A-R9AG-E,2010-03-20,Template1,1406,2010-03-21,~M-00007-0,1
1A-RZ53-A,2010-03-20,Template1,1407,2010-03-21,~M-00007-0,1
1A-RZRY-A,2010-03-20,Template1,1408,2010-03-21,~M-00007-0,1
1A-T244-E,2010-03-20,Template1,1409,2010-03-21,~M-00007-0,1
1A-T244-S,2010-03-20,Template1,1410,2010-03-21,~M-00007-0,1
1A-T5CG-S,2010-03-20,Template1,1411,2010-03-21,~M-00007-0,1
1A-T5CH-E,2010-03-20,Template1,1412,2010-03-21,~M-00007-0,1
1A-T5CH-X,2010-03-20,Template1,1413,2010-03-21,~M-00007-0,1
1A-T5K3-A,2010-03-20,Template1,1414,2010-03-21,~M-00007-0,1
1A-T68H-A,2010-03-20,Template1,1415,2010-03-21,~M-00007-0,1
1A-T68H-S,2010-03-20,Template1,1416,2010-03-21,~M-00007-0,1
1A-TTRH-A,2010-03-20,Template1,1417,2010-03-21,~M-00007-0,1
1A-TTVG-A,2010-03-20,Template1,1418,2010-03-21,~M-00007-0,1
1A-TV23-E,2010-03-20,Template1,1419,2010-03-21,~M-00007-0,1
1A-TV38-E,2010-03-20,Template1,1420,2010-03-21,~M-00007-0,1
1A-TV38-F,2010-03-20,Template1,1421,2010-03-21,~M-00007-0,1
1A-TV83-A,2010-03-20,Template1,1422,2010-03-21,~M-00007-0,1
1A-TVG6-A,2010-03-20,Template1,1423,2010-03-21,~M-00007-0,1
1A-TVW5-S,2010-03-20,Template1,1424,2010-03-21,~M-00007-0,1
1A-V525-A,2010-03-20,Template1,1425,2010-03-21,~M-00007-0,1
1A-V526-A,2010-03-20,Template1,1426,2010-03-21,~M-00007-0,1
1A-V539-E,2010-03-20,Template1,1427,2010-03-21,~M-00007-0,1
1A-V6AX-A,2010-03-20,Template1,1428,2010-03-21,~M-00007-0,1
1A-V724-E,2010-03-20,Template1,1429,2010-03-21,~M-00007-0,1
1A-V75Q-A,2010-03-20,Template1,1430,2010-03-21,~M-00007-0,1
1A-V8FG-A,2010-03-20,Template1,1431,2010-03-21,~M-00007-0,1
1A-V8TV-A,2010-03-20,Template1,1432,2010-03-21,~M-00007-0,1
1A-V9GX-E,2010-03-20,Template1,1433,2010-03-21,~M-00007-0,1
1A-VR0Q-A,2010-03-20,Template1,1434,2010-03-21,~M-00007-0,1
1A-VR0Q-E,2010-03-20,Template1,1435,2010-03-21,~M-00007-0,1
1A-VR0Q-F,2010-03-20,Template1,1436,2010-03-21,~M-00007-0,1
1A-VRA9-E,2010-03-20,Template1,1437,2010-03-21,~M-00007-0,1
1A-VRA9-X,2010-03-20,Template1,1438,2010-03-21,~M-00007-0,1
1A-VRV8-E,2010-03-20,Template1,1439,2010-03-21,~M-00007-0,1
1A-WC25-A,2010-03-20,Template1,1440,2010-03-21,~M-00007-0,1
1A-X39G-A,2010-03-20,Template1,1441,2010-03-21,~M-00007-0,1
1A-X3AG-A,2010-03-20,Template1,1442,2010-03-21,~M-00007-0,1
1A-Y467-E,2010-03-20,Template1,1443,2010-03-21,~M-00007-0,1
1A-Y4H4-E,2010-03-20,Template1,1444,2010-03-21,~M-00007-0,1
1A-Y5B0-F,2010-03-20,Template1,1445,2010-03-21,~M-00007-0,1
1A-YT7R-E,2010-03-20,Template1,1446,2010-03-21,~M-00007-0,1
1A-YT7R-S,2010-03-20,Template1,1447,2010-03-21,~M-00007-0,1
1A-ZB5X-E,2010-03-20,Template1,1448,2010-03-21,~M-00007-0,1
1A-ZYNG-A,2010-03-20,Template1,1449,2010-03-21,~M-00007-0,1
1B-0F7T-A,2010-03-20,Template1,1450,2010-03-21,~M-00007-0,1
1B-0F7T-E,2010-03-20,Template1,1451,2010-03-21,~M-00007-0,1
1B-0F7T-F,2010-03-20,Template1,1452,2010-03-21,~M-00007-0,1
1B-0WXX-B,2010-03-20,Template1,1453,2010-03-21,~M-00007-0,1
1B-0XAZ-E,2010-03-20,Template1,1454,2010-03-21,~M-00007-0,1
1B-20BT-A,2010-03-20,Template1,1455,2010-03-21,~M-00007-0,1
1B-25TT-X,2010-03-20,Template1,1456,2010-03-21,~M-00007-0,1
1B-2933-A,2010-03-20,Template1,1457,2010-03-21,~M-00007-0,1
1B-2933-X,2010-03-20,Template1,1458,2010-03-21,~M-00007-0,1
1B-2934-A,2010-03-20,Template1,1459,2010-03-21,~M-00007-0,1
1B-2934-X,2010-03-20,Template1,1460,2010-03-21,~M-00007-0,1
1B-29FX-F,2010-03-20,Template1,1461,2010-03-21,~M-00007-0,1
1B-29V7-A,2010-03-20,Template1,1462,2010-03-21,~M-00007-0,1
1B-29V7-X,2010-03-20,Template1,1463,2010-03-21,~M-00007-0,1
1B-29V8-A,2010-03-20,Template1,1464,2010-03-21,~M-00007-0,1
1B-29V8-X,2010-03-20,Template1,1465,2010-03-21,~M-00007-0,1
1B-2BKW-E,2010-03-20,Template1,1466,2010-03-21,~M-00007-0,1
1B-2K33-A,2010-03-20,Template1,1467,2010-03-21,~M-00007-0,1
1B-2QCR-A,2010-03-20,Template1,1468,2010-03-21,~M-00007-0,1
1B-2RZT-E,2010-03-20,Template1,1469,2010-03-21,~M-00007-0,1
1B-2W04-E,2010-03-20,Template1,1470,2010-03-21,~M-00007-0,1
1B-31AR-A,2010-03-20,Template1,1471,2010-03-21,~M-00007-0,1
1B-31Z6-E,2010-03-20,Template1,1472,2010-03-21,~M-00007-0,1
1B-34F0-A,2010-03-20,Template1,1473,2010-03-21,~M-00007-0,1
1B-39FX-E,2010-03-20,Template1,1474,2010-03-21,~M-00007-0,1
1B-39FX-F,2010-03-20,Template1,1475,2010-03-21,~M-00007-0,1
1B-3C0X-E,2010-03-20,Template1,1476,2010-03-21,~M-00007-0,1
1B-3C1G-A,2010-03-20,Template1,1477,2010-03-21,~M-00007-0,1
1B-3C4Q-A,2010-03-20,Template1,1478,2010-03-21,~M-00007-0,1
1B-3H04-E,2010-03-20,Template1,1479,2010-03-21,~M-00007-0,1
1B-3H06-E,2010-03-20,Template1,1480,2010-03-21,~M-00007-0,1
1B-3H0Z-E,2010-03-20,Template1,1481,2010-03-21,~M-00007-0,1
1B-3HC3-E,2010-03-20,Template1,1482,2010-03-21,~M-00007-0,1
1B-3HX9-E,2010-03-20,Template1,1483,2010-03-21,~M-00007-0,1
1B-3Y36-A,2010-03-20,Template1,1484,2010-03-21,~M-00007-0,1
1B-3Y80-E,2010-03-20,Template1,1485,2010-03-21,~M-00007-0,1
1B-3Y80-F,2010-03-20,Template1,1486,2010-03-21,~M-00007-0,1
1B-3Y8Q-E,2010-03-20,Template1,1487,2010-03-21,~M-00007-0,1
1B-3Y90-A,2010-03-20,Template1,1488,2010-03-21,~M-00007-0,1
1B-422R-A,2010-03-20,Template1,1489,2010-03-21,~M-00007-0,1
1B-422W-A,2010-03-20,Template1,1490,2010-03-21,~M-00007-0,1
1B-422W-B,2010-03-20,Template1,1491,2010-03-21,~M-00007-0,1
1B-46BT-A,2010-03-20,Template1,1492,2010-03-21,~M-00007-0,1
1B-48K9-E,2010-03-20,Template1,1493,2010-03-21,~M-00007-0,1
1B-49CH-E,2010-03-20,Template1,1494,2010-03-21,~M-00007-0,1
1B-49FQ-A,2010-03-20,Template1,1495,2010-03-21,~M-00007-0,1
1B-49H3-A,2010-03-20,Template1,1496,2010-03-21,~M-00007-0,1
1B-49KG-A,2010-03-20,Template1,1497,2010-03-21,~M-00007-0,1
1B-4FNR-A,2010-03-20,Template1,1498,2010-03-21,~M-00007-0,1
1B-4FNV-E,2010-03-20,Template1,1499,2010-03-21,~M-00007-0,1
1B-4FNV-F,2010-03-20,Template1,1500,2010-03-21,~M-00007-0,1
1B-4FYQ-E,2010-03-20,Template1,1501,2010-03-21,~M-00007-0,1
1B-4NHY-E,2010-03-20,Template1,1502,2010-03-21,~M-00007-0,1
1B-4TTR-A,2010-03-20,Template1,1503,2010-03-21,~M-00007-0,1
1B-4V81-A,2010-03-20,Template1,1504,2010-03-21,~M-00007-0,1
1B-4V9Q-E,2010-03-20,Template1,1505,2010-03-21,~M-00007-0,1
1B-4V9Q-F,2010-03-20,Template1,1506,2010-03-21,~M-00007-0,1
1B-4WQZ-E,2010-03-20,Template1,1507,2010-03-21,~M-00007-0,1
1B-4WW1-E,2010-03-20,Template1,1508,2010-03-21,~M-00007-0,1
1B-5013-A,2010-03-20,Template1,1509,2010-03-21,~M-00007-0,1
1B-50Q1-A,2010-03-20,Template1,1510,2010-03-21,~M-00007-0,1
1B-50W7-A,2010-03-20,Template1,1511,2010-03-21,~M-00007-0,1
1B-5126-A,2010-03-20,Template1,1512,2010-03-21,~M-00007-0,1
1B-5127-A,2010-03-20,Template1,1513,2010-03-21,~M-00007-0,1
1B-5129-A,2010-03-20,Template1,1514,2010-03-21,~M-00007-0,1
1B-5199-A,2010-03-20,Template1,1515,2010-03-21,~M-00007-0,1
1B-5223-A,2010-03-20,Template1,1516,2010-03-21,~M-00007-0,1
1B-5258-A,2010-03-20,Template1,1517,2010-03-21,~M-00007-0,1
1B-5258-E,2010-03-20,Template1,1518,2010-03-21,~M-00007-0,1
1B-52NX-E,2010-03-20,Template1,1519,2010-03-21,~M-00007-0,1
1B-52NX-F,2010-03-20,Template1,1520,2010-03-21,~M-00007-0,1
1B-53BX-A,2010-03-20,Template1,1521,2010-03-21,~M-00007-0,1
1B-53C7-E,2010-03-20,Template1,1522,2010-03-21,~M-00007-0,1
1B-53K6-E,2010-03-20,Template1,1523,2010-03-21,~M-00007-0,1
1B-54V6-A,2010-03-20,Template1,1524,2010-03-21,~M-00007-0,1
1B-55GR-E,2010-03-20,Template1,1525,2010-03-21,~M-00007-0,1
1B-55Q6-E,2010-03-20,Template1,1526,2010-03-21,~M-00007-0,1
1B-55VH-A,2010-03-20,Template1,1527,2010-03-21,~M-00007-0,1
1B-560Z-E,2010-03-20,Template1,1528,2010-03-21,~M-00007-0,1
1B-5613-A,2010-03-20,Template1,1529,2010-03-21,~M-00007-0,1
1B-5619-A,2010-03-20,Template1,1530,2010-03-21,~M-00007-0,1
1B-562H-A,2010-03-20,Template1,1531,2010-03-21,~M-00007-0,1
1B-562N-A,2010-03-20,Template1,1532,2010-03-21,~M-00007-0,1
1B-58KN-A,2010-03-20,Template1,1533,2010-03-21,~M-00007-0,1
1B-58KQ-A,2010-03-20,Template1,1534,2010-03-21,~M-00007-0,1
1B-58KR-A,2010-03-20,Template1,1535,2010-03-21,~M-00007-0,1
1B-58NG-E,2010-03-20,Template1,1536,2010-03-21,~M-00007-0,1
1B-5B0K-A,2010-03-20,Template1,1537,2010-03-21,~M-00007-0,1
1B-5B0K-X,2010-03-20,Template1,1538,2010-03-21,~M-00007-0,1
1B-5BZ9-A,2010-03-20,Template1,1539,2010-03-21,~M-00007-0,1
1B-5BZ9-X,2010-03-20,Template1,1540,2010-03-21,~M-00007-0,1
1B-5CC2-B,2010-03-20,Template1,1541,2010-03-21,~M-00007-0,1
1B-5CY9-E,2010-03-20,Template1,1542,2010-03-21,~M-00007-0,1
1B-5CYV-E,2010-03-20,Template1,1543,2010-03-21,~M-00007-0,1
1B-5FF5-F,2010-03-20,Template1,1544,2010-03-21,~M-00007-0,1
1B-5GCT-A,2010-03-20,Template1,1545,2010-03-21,~M-00007-0,1
1B-5GYZ-E,2010-03-20,Template1,1546,2010-03-21,~M-00007-0,1
1B-5KNQ-A,2010-03-20,Template1,1547,2010-03-21,~M-00007-0,1
1B-5N8Y-E,2010-03-20,Template1,1548,2010-03-21,~M-00007-0,1
1B-5NB4-E,2010-03-20,Template1,1549,2010-03-21,~M-00007-0,1
1B-5NB4-X,2010-03-20,Template1,1550,2010-03-21,~M-00007-0,1
1B-5NC6-A,2010-03-20,Template1,1551,2010-03-21,~M-00007-0,1
1B-5NC6-E,2010-03-20,Template1,1552,2010-03-21,~M-00007-0,1
1B-5NF5-X,2010-03-20,Template1,1553,2010-03-21,~M-00007-0,1
1B-5NFR-A,2010-03-20,Template1,1554,2010-03-21,~M-00007-0,1
1B-5NFR-E,2010-03-20,Template1,1555,2010-03-21,~M-00007-0,1
1B-5NHG-X,2010-03-20,Template1,1556,2010-03-21,~M-00007-0,1
1B-5NHH-X,2010-03-20,Template1,1557,2010-03-21,~M-00007-0,1
1B-5NQG-A,2010-03-20,Template1,1558,2010-03-21,~M-00007-0,1
1B-5NT6-A,2010-03-20,Template1,1559,2010-03-21,~M-00007-0,1
1B-5NZW-A,2010-03-20,Template1,1560,2010-03-21,~M-00007-0,1
1B-5Q7K-E,2010-03-20,Template1,1561,2010-03-21,~M-00007-0,1
1B-5QH9-A,2010-03-20,Template1,1562,2010-03-21,~M-00007-0,1
1B-5QPT-A,2010-03-20,Template1,1563,2010-03-21,~M-00007-0,1
1B-5VAR-A,2010-03-20,Template1,1564,2010-03-21,~M-00007-0,1
1B-5W06-E,2010-03-20,Template1,1565,2010-03-21,~M-00007-0,1
1B-5XY8-A,2010-03-20,Template1,1566,2010-03-21,~M-00007-0,1
1B-5ZB9-A,2010-03-20,Template1,1567,2010-03-21,~M-00007-0,1
1B-60B3-A,2010-03-20,Template1,1568,2010-03-21,~M-00007-0,1
1B-60CV-A,2010-03-20,Template1,1569,2010-03-21,~M-00007-0,1
1B-60N0-A,2010-03-20,Template1,1570,2010-03-21,~M-00007-0,1
1B-612Z-E,2010-03-20,Template1,1571,2010-03-21,~M-00007-0,1
1B-618W-A,2010-03-20,Template1,1572,2010-03-21,~M-00007-0,1
1B-62G6-E,2010-03-20,Template1,1573,2010-03-21,~M-00007-0,1
1B-66A3-A,2010-03-20,Template1,1574,2010-03-21,~M-00007-0,1
1B-696W-X,2010-03-20,Template1,1575,2010-03-21,~M-00007-0,1
1B-6G2Q-E,2010-03-20,Template1,1576,2010-03-21,~M-00007-0,1
1B-6R70-A,2010-03-20,Template1,1577,2010-03-21,~M-00007-0,1
1B-6WNZ-A,2010-03-20,Template1,1578,2010-03-21,~M-00007-0,1
1B-6ZC9-A,2010-03-20,Template1,1579,2010-03-21,~M-00007-0,1
1B-6ZYX-E,2010-03-20,Template1,1580,2010-03-21,~M-00007-0,1
1B-781N-A,2010-03-20,Template1,1581,2010-03-21,~M-00007-0,1
1B-78YK-A,2010-03-20,Template1,1582,2010-03-21,~M-00007-0,1
1B-7911-A,2010-03-20,Template1,1583,2010-03-21,~M-00007-0,1
1B-791G-A,2010-03-20,Template1,1584,2010-03-21,~M-00007-0,1
1B-792T-E,2010-03-20,Template1,1585,2010-03-21,~M-00007-0,1
1B-7931-A,2010-03-20,Template1,1586,2010-03-21,~M-00007-0,1
1B-7936-E,2010-03-20,Template1,1587,2010-03-21,~M-00007-0,1
1B-795Y-E,2010-03-20,Template1,1588,2010-03-21,~M-00007-0,1
1B-7965-E,2010-03-20,Template1,1589,2010-03-21,~M-00007-0,1
1B-7965-F,2010-03-20,Template1,1590,2010-03-21,~M-00007-0,1
1B-797H-E,2010-03-20,Template1,1591,2010-03-21,~M-00007-0,1
1B-79Q4-A,2010-03-20,Template1,1592,2010-03-21,~M-00007-0,1
1B-79XQ-X,2010-03-20,Template1,1593,2010-03-21,~M-00007-0,1
1B-79XW-X,2010-03-20,Template1,1594,2010-03-21,~M-00007-0,1
1B-79Y5-A,2010-03-20,Template1,1595,2010-03-21,~M-00007-0,1
1B-79Y6-X,2010-03-20,Template1,1596,2010-03-21,~M-00007-0,1
1B-7C1Q-E,2010-03-20,Template1,1597,2010-03-21,~M-00007-0,1
1B-7C2N-E,2010-03-20,Template1,1598,2010-03-21,~M-00007-0,1
1B-8133-A,2010-03-20,Template1,1599,2010-03-21,~M-00007-0,1
1B-813K-X,2010-03-20,Template1,1600,2010-03-21,~M-00007-0,1
1B-82R8-E,2010-03-20,Template1,1601,2010-03-21,~M-00007-0,1
1B-82R9-E,2010-03-20,Template1,1602,2010-03-21,~M-00007-0,1
1B-82TG-E,2010-03-20,Template1,1603,2010-03-21,~M-00007-0,1
1B-82Z3-A,2010-03-20,Template1,1604,2010-03-21,~M-00007-0,1
1B-82Z3-E,2010-03-20,Template1,1605,2010-03-21,~M-00007-0,1
1B-830Z-A,2010-03-20,Template1,1606,2010-03-21,~M-00007-0,1
1B-8432-E,2010-03-20,Template1,1607,2010-03-21,~M-00007-0,1
1B-8432-F,2010-03-20,Template1,1608,2010-03-21,~M-00007-0,1
1B-84VX-A,2010-03-20,Template1,1609,2010-03-21,~M-00007-0,1
1B-84WW-A,2010-03-20,Template1,1610,2010-03-21,~M-00007-0,1
1B-84XT-X,2010-03-20,Template1,1611,2010-03-21,~M-00007-0,1
1B-8524-A,2010-03-20,Template1,1612,2010-03-21,~M-00007-0,1
1B-856W-A,2010-03-20,Template1,1613,2010-03-21,~M-00007-0,1
1B-858X-A,2010-03-20,Template1,1614,2010-03-21,~M-00007-0,1
1B-858Y-A,2010-03-20,Template1,1615,2010-03-21,~M-00007-0,1
1B-86F3-A,2010-03-20,Template1,1616,2010-03-21,~M-00007-0,1
1B-86W7-E,2010-03-20,Template1,1617,2010-03-21,~M-00007-0,1
1B-86Y4-A,2010-03-20,Template1,1618,2010-03-21,~M-00007-0,1
1B-876V-A,2010-03-20,Template1,1619,2010-03-21,~M-00007-0,1
1B-8788-A,2010-03-20,Template1,1620,2010-03-21,~M-00007-0,1
1B-878V-E,2010-03-20,Template1,1621,2010-03-21,~M-00007-0,1
1B-87RH-A,2010-03-20,Template1,1622,2010-03-21,~M-00007-0,1
1B-881H-A,2010-03-20,Template1,1623,2010-03-21,~M-00007-0,1
1B-8822-A,2010-03-20,Template1,1624,2010-03-21,~M-00007-0,1
1B-8824-E,2010-03-20,Template1,1625,2010-03-21,~M-00007-0,1
1B-885K-A,2010-03-20,Template1,1626,2010-03-21,~M-00007-0,1
1B-88A2-E,2010-03-20,Template1,1627,2010-03-21,~M-00007-0,1
1B-88B0-A,2010-03-20,Template1,1628,2010-03-21,~M-00007-0,1
1B-88B4-A,2010-03-20,Template1,1629,2010-03-21,~M-00007-0,1
1B-88B4-E,2010-03-20,Template1,1630,2010-03-21,~M-00007-0,1
1B-88K3-E,2010-03-20,Template1,1631,2010-03-21,~M-00007-0,1
1B-8A4T-E,2010-03-20,Template1,1632,2010-03-21,~M-00007-0,1
1B-8AAW-X,2010-03-20,Template1,1633,2010-03-21,~M-00007-0,1
1B-8ABQ-A,2010-03-20,Template1,1634,2010-03-21,~M-00007-0,1
1B-8ABY-X,2010-03-20,Template1,1635,2010-03-21,~M-00007-0,1
1B-8AF4-A,2010-03-20,Template1,1636,2010-03-21,~M-00007-0,1
1B-8AG9-A,2010-03-20,Template1,1637,2010-03-21,~M-00007-0,1
1B-8AG9-B,2010-03-20,Template1,1638,2010-03-21,~M-00007-0,1
1B-8AH1-A,2010-03-20,Template1,1639,2010-03-21,~M-00007-0,1
1B-8AHQ-A,2010-03-20,Template1,1640,2010-03-21,~M-00007-0,1
1B-8AHY-A,2010-03-20,Template1,1641,2010-03-21,~M-00007-0,1
1B-8AKV-A,2010-03-20,Template1,1642,2010-03-21,~M-00007-0,1
1B-8ANR-A,2010-03-20,Template1,1643,2010-03-21,~M-00007-0,1
1B-8AR6-A,2010-03-20,Template1,1644,2010-03-21,~M-00007-0,1
1B-8C9T-A,2010-03-20,Template1,1645,2010-03-21,~M-00007-0,1
1B-8F0Z-E,2010-03-20,Template1,1646,2010-03-21,~M-00007-0,1
1B-8F11-X,2010-03-20,Template1,1647,2010-03-21,~M-00007-0,1
1B-8F1R-A,2010-03-20,Template1,1648,2010-03-21,~M-00007-0,1
1B-8F3H-A,2010-03-20,Template1,1649,2010-03-21,~M-00007-0,1
1B-8F47-A,2010-03-20,Template1,1650,2010-03-21,~M-00007-0,1
1B-8F4G-A,2010-03-20,Template1,1651,2010-03-21,~M-00007-0,1
1B-8F4Q-E,2010-03-20,Template1,1652,2010-03-21,~M-00007-0,1
1B-8F5Z-X,2010-03-20,Template1,1653,2010-03-21,~M-00007-0,1
1B-8F6K-E,2010-03-20,Template1,1654,2010-03-21,~M-00007-0,1
1B-8FFZ-A,2010-03-20,Template1,1655,2010-03-21,~M-00007-0,1
1B-8FHY-E,2010-03-20,Template1,1656,2010-03-21,~M-00007-0,1
1B-8FHY-F,2010-03-20,Template1,1657,2010-03-21,~M-00007-0,1
1B-8FK9-A,2010-03-20,Template1,1658,2010-03-21,~M-00007-0,1
1B-8FKW-A,2010-03-20,Template1,1659,2010-03-21,~M-00007-0,1
1B-8FV1-F,2010-03-20,Template1,1660,2010-03-21,~M-00007-0,1
1B-8FVY-A,2010-03-20,Template1,1661,2010-03-21,~M-00007-0,1
1B-8FW9-A,2010-03-20,Template1,1662,2010-03-21,~M-00007-0,1
1B-8FWN-A,2010-03-20,Template1,1663,2010-03-21,~M-00007-0,1
1B-8FX0-X,2010-03-20,Template1,1664,2010-03-21,~M-00007-0,1
1B-8FX5-A,2010-03-20,Template1,1665,2010-03-21,~M-00007-0,1
1B-8FY7-A,2010-03-20,Template1,1666,2010-03-21,~M-00007-0,1
1B-8FYY-A,2010-03-20,Template1,1667,2010-03-21,~M-00007-0,1
1B-8FYY-X,2010-03-20,Template1,1668,2010-03-21,~M-00007-0,1
1B-8FZ3-A,2010-03-20,Template1,1669,2010-03-21,~M-00007-0,1
1B-8FZ4-A,2010-03-20,Template1,1670,2010-03-21,~M-00007-0,1
1B-8FZ9-A,2010-03-20,Template1,1671,2010-03-21,~M-00007-0,1
1B-8FZZ-A,2010-03-20,Template1,1672,2010-03-21,~M-00007-0,1
1B-8G09-A,2010-03-20,Template1,1673,2010-03-21,~M-00007-0,1
1B-8G10-A,2010-03-20,Template1,1674,2010-03-21,~M-00007-0,1
1B-8GAZ-A,2010-03-20,Template1,1675,2010-03-21,~M-00007-0,1
1B-8GKH-A,2010-03-20,Template1,1676,2010-03-21,~M-00007-0,1
1B-8GT8-E,2010-03-20,Template1,1677,2010-03-21,~M-00007-0,1
1B-8GT8-F,2010-03-20,Template1,1678,2010-03-21,~M-00007-0,1
1B-8GY2-E,2010-03-20,Template1,1679,2010-03-21,~M-00007-0,1
1B-8H68-A,2010-03-20,Template1,1680,2010-03-21,~M-00007-0,1
1B-8H68-E,2010-03-20,Template1,1681,2010-03-21,~M-00007-0,1
1B-8H7G-E,2010-03-20,Template1,1682,2010-03-21,~M-00007-0,1
1B-8H7H-A,2010-03-20,Template1,1683,2010-03-21,~M-00007-0,1
1B-8H7H-E,2010-03-20,Template1,1684,2010-03-21,~M-00007-0,1
1B-8H7K-A,2010-03-20,Template1,1685,2010-03-21,~M-00007-0,1
1B-8H7K-E,2010-03-20,Template1,1686,2010-03-21,~M-00007-0,1
1B-8H7N-A,2010-03-20,Template1,1687,2010-03-21,~M-00007-0,1
1B-8H7N-E,2010-03-20,Template1,1688,2010-03-21,~M-00007-0,1
1B-8HKR-A,2010-03-20,Template1,1689,2010-03-21,~M-00007-0,1
1B-8HQ1-A,2010-03-20,Template1,1690,2010-03-21,~M-00007-0,1
1B-8HQ5-E,2010-03-20,Template1,1691,2010-03-21,~M-00007-0,1
1B-8HRG-A,2010-03-20,Template1,1692,2010-03-21,~M-00007-0,1
1B-8HXH-A,2010-03-20,Template1,1693,2010-03-21,~M-00007-0,1
1B-8HXV-A,2010-03-20,Template1,1694,2010-03-21,~M-00007-0,1
1B-8HXX-A,2010-03-20,Template1,1695,2010-03-21,~M-00007-0,1
1B-8HXY-A,2010-03-20,Template1,1696,2010-03-21,~M-00007-0,1
1B-8K1R-A,2010-03-20,Template1,1697,2010-03-21,~M-00007-0,1
1B-8K73-A,2010-03-20,Template1,1698,2010-03-21,~M-00007-0,1
1B-8Q16-A,2010-03-20,Template1,1699,2010-03-21,~M-00007-0,1
1B-8Q1N-A,2010-03-20,Template1,1700,2010-03-21,~M-00007-0,1
1B-8Q25-A,2010-03-20,Template1,1701,2010-03-21,~M-00007-0,1
1B-8Q26-A,2010-03-20,Template1,1702,2010-03-21,~M-00007-0,1
1B-8Q48-A,2010-03-20,Template1,1703,2010-03-21,~M-00007-0,1
1B-8Q7T-A,2010-03-20,Template1,1704,2010-03-21,~M-00007-0,1
1B-8Q7X-A,2010-03-20,Template1,1705,2010-03-21,~M-00007-0,1
1B-8QAV-A,2010-03-20,Template1,1706,2010-03-21,~M-00007-0,1
1B-8QKZ-E,2010-03-20,Template1,1707,2010-03-21,~M-00007-0,1
1B-8QR2-A,2010-03-20,Template1,1708,2010-03-21,~M-00007-0,1
1B-8RA7-X,2010-03-20,Template1,1709,2010-03-21,~M-00007-0,1
1B-8RAQ-A,2010-03-20,Template1,1710,2010-03-21,~M-00007-0,1
1B-8RAQ-X,2010-03-20,Template1,1711,2010-03-21,~M-00007-0,1
1B-8RFV-B,2010-03-20,Template1,1712,2010-03-21,~M-00007-0,1
1B-8RZV-A,2010-03-20,Template1,1713,2010-03-21,~M-00007-0,1
1B-8W0Q-A,2010-03-20,Template1,1714,2010-03-21,~M-00007-0,1
1B-8WZQ-A,2010-03-20,Template1,1715,2010-03-21,~M-00007-0,1
1B-8YR8-E,2010-03-20,Template1,1716,2010-03-21,~M-00007-0,1
1B-8YVV-A,2010-03-20,Template1,1717,2010-03-21,~M-00007-0,1
1B-8ZXW-X,2010-03-20,Template1,1718,2010-03-21,~M-00007-0,1
1B-EAZH-E,2010-03-20,Template1,1719,2010-03-21,~M-00007-0,1
1B-EB60-E,2010-03-20,Template1,1720,2010-03-21,~M-00007-0,1
1C-A9Q7-E,2010-03-20,Template1,1721,2010-03-21,~M-00007-0,1
1C-BQX5-E,2010-03-20,Template1,1722,2010-03-21,~M-00007-0,1
1C-C26Z-A,2010-03-20,Template1,1723,2010-03-21,~M-00007-0,1
1C-C28N-A,2010-03-20,Template1,1724,2010-03-21,~M-00007-0,1
1C-CYFH-E,2010-03-20,Template1,1725,2010-03-21,~M-00007-0,1
1C-F87Q-A,2010-03-20,Template1,1726,2010-03-21,~M-00007-0,1
1C-G67Q-E,2010-03-20,Template1,1727,2010-03-21,~M-00007-0,1
1C-G7G0-E,2010-03-20,Template1,1728,2010-03-21,~M-00007-0,1
1C-G7G1-E,2010-03-20,Template1,1729,2010-03-21,~M-00007-0,1
1C-G7G1-F,2010-03-20,Template1,1730,2010-03-21,~M-00007-0,1
1C-G7T9-A,2010-03-20,Template1,1731,2010-03-21,~M-00007-0,1
1C-H87Q-A,2010-03-20,Template1,1732,2010-03-21,~M-00007-0,1
1C-K1XQ-A,2010-03-20,Template1,1733,2010-03-21,~M-00007-0,1
1C-K39V-A,2010-03-20,Template1,1734,2010-03-21,~M-00007-0,1
1C-KBB6-A,2010-03-20,Template1,1735,2010-03-21,~M-00007-0,1
1C-KBB6-E,2010-03-20,Template1,1736,2010-03-21,~M-00007-0,1
1C-KBRY-A,2010-03-20,Template1,1737,2010-03-21,~M-00007-0,1
1C-KBRY-E,2010-03-20,Template1,1738,2010-03-21,~M-00007-0,1
1C-KBRZ-A,2010-03-20,Template1,1739,2010-03-21,~M-00007-0,1
1C-KBRZ-E,2010-03-20,Template1,1740,2010-03-21,~M-00007-0,1
1C-KG6Z-A,2010-03-20,Template1,1741,2010-03-21,~M-00007-0,1
1C-KH26-A,2010-03-20,Template1,1742,2010-03-21,~M-00007-0,1
1C-KHFV-A,2010-03-20,Template1,1743,2010-03-21,~M-00007-0,1
1C-KHFV-E,2010-03-20,Template1,1744,2010-03-21,~M-00007-0,1
1C-KQ0G-A,2010-03-20,Template1,1745,2010-03-21,~M-00007-0,1
1C-KRA6-E,2010-03-20,Template1,1746,2010-03-21,~M-00007-0,1
1C-KVQG-A,2010-03-20,Template1,1747,2010-03-21,~M-00007-0,1
1C-KX55-A,2010-03-20,Template1,1748,2010-03-21,~M-00007-0,1
1C-N134-A,2010-03-20,Template1,1749,2010-03-21,~M-00007-0,1
1C-N134-E,2010-03-20,Template1,1750,2010-03-21,~M-00007-0,1
1C-N9FE-E,2010-03-20,Template1,1751,2010-03-21,~M-00007-0,1
1C-NAVW-A,2010-03-20,Template1,1752,2010-03-21,~M-00007-0,1
1C-NTYE-E,2010-03-20,Template1,1753,2010-03-21,~M-00007-0,1
1C-NZQ1-A,2010-03-20,Template1,1754,2010-03-21,~M-00007-0,1
1C-Q0B0-E,2010-03-20,Template1,1755,2010-03-21,~M-00007-0,1
1C-Q3VN-E,2010-03-20,Template1,1756,2010-03-21,~M-00007-0,1
1C-Q3VN-X,2010-03-20,Template1,1757,2010-03-21,~M-00007-0,1
1C-Q84W-A,2010-03-20,Template1,1758,2010-03-21,~M-00007-0,1
1C-QKNK-A,2010-03-20,Template1,1759,2010-03-21,~M-00007-0,1
1C-QQA9-E,2010-03-20,Template1,1760,2010-03-21,~M-00007-0,1
1C-QUGU-A,2010-03-20,Template1,1761,2010-03-21,~M-00007-0,1
1C-QUQ5-X,2010-03-20,Template1,1762,2010-03-21,~M-00007-0,1
1C-QWD0-A,2010-03-20,Template1,1763,2010-03-21,~M-00007-0,1
1C-QWDZ-A,2010-03-20,Template1,1764,2010-03-21,~M-00007-0,1
1C-R0KD-T,2010-03-20,Template1,1765,2010-03-21,~M-00007-0,1
1C-R1N1-A,2010-03-20,Template1,1766,2010-03-21,~M-00007-0,1
1C-R1N1-T,2010-03-20,Template1,1767,2010-03-21,~M-00007-0,1
1C-R1N1-X,2010-03-20,Template1,1768,2010-03-21,~M-00007-0,1
1C-R3WF-A,2010-03-20,Template1,1769,2010-03-21,~M-00007-0,1
1C-R9VY-E,2010-03-20,Template1,1770,2010-03-21,~M-00007-0,1
1C-RA36-A,2010-03-20,Template1,1771,2010-03-21,~M-00007-0,1
1C-RARP-E,2010-03-20,Template1,1772,2010-03-21,~M-00007-0,1
1C-RDVP-A,2010-03-20,Template1,1773,2010-03-21,~M-00007-0,1
1C-RJKJ-A,2010-03-20,Template1,1774,2010-03-21,~M-00007-0,1
1C-RQ54-E,2010-03-20,Template1,1775,2010-03-21,~M-00007-0,1
1C-RQVR-A,2010-03-20,Template1,1776,2010-03-21,~M-00007-0,1
1C-RR8H-S,2010-03-20,Template1,1777,2010-03-21,~M-00007-0,1
1C-RTL9-A,2010-03-20,Template1,1778,2010-03-21,~M-00007-0,1
1C-RTRD-A,2010-03-20,Template1,1779,2010-03-21,~M-00007-0,1
1C-RWF9-E,2010-03-20,Template1,1780,2010-03-21,~M-00007-0,1
1C-S2LW-X,2010-03-20,Template1,1781,2010-03-21,~M-00007-0,1
1C-S3QW-E,2010-03-20,Template1,1782,2010-03-21,~M-00007-0,1
1C-S5R8-A,2010-03-20,Template1,1783,2010-03-21,~M-00007-0,1
1C-S5TL-A,2010-03-20,Template1,1784,2010-03-21,~M-00007-0,1
1C-S6B0-A,2010-03-20,Template1,1785,2010-03-21,~M-00007-0,1
1C-S76H-A,2010-03-20,Template1,1786,2010-03-21,~M-00007-0,1
1C-S76J-A,2010-03-20,Template1,1787,2010-03-21,~M-00007-0,1
1C-S98K-A,2010-03-20,Template1,1788,2010-03-21,~M-00007-0,1
1C-SAJU-A,2010-03-20,Template1,1789,2010-03-21,~M-00007-0,1
1C-SC16-A,2010-03-20,Template1,1790,2010-03-21,~M-00007-0,1
1C-SQQV-E,2010-03-20,Template1,1791,2010-03-21,~M-00007-0,1
1C-SQQV-X,2010-03-20,Template1,1792,2010-03-21,~M-00007-0,1
1C-SQQW-E,2010-03-20,Template1,1793,2010-03-21,~M-00007-0,1
1C-SR7W-E,2010-03-20,Template1,1794,2010-03-21,~M-00007-0,1
1C-SR7W-S,2010-03-20,Template1,1795,2010-03-21,~M-00007-0,1
1C-SSXS-A,2010-03-20,Template1,1796,2010-03-21,~M-00007-0,1
1C-SSXU-A,2010-03-20,Template1,1797,2010-03-21,~M-00007-0,1
1C-SW8D-E,2010-03-20,Template1,1798,2010-03-21,~M-00007-0,1
1C-SZAZ-A,2010-03-20,Template1,1799,2010-03-21,~M-00007-0,1
1C-TBRH-E,2010-03-20,Template1,1800,2010-03-21,~M-00007-0,1
1C-TH22-A,2010-03-20,Template1,1801,2010-03-21,~M-00007-0,1
1C-TH23-A,2010-03-20,Template1,1802,2010-03-21,~M-00007-0,1
1C-TH5H-A,2010-03-20,Template1,1803,2010-03-21,~M-00007-0,1
1C-THWK-A,2010-03-20,Template1,1804,2010-03-21,~M-00007-0,1
1C-TKHM-A,2010-03-20,Template1,1805,2010-03-21,~M-00007-0,1
1F-AAA7-B,2010-03-20,Template1,1806,2010-03-21,~M-00007-0,1
1F-AAAW-F,2010-03-20,Template1,1807,2010-03-21,~M-00007-0,1
1F-AAC2-B,2010-03-20,Template1,1808,2010-03-21,~M-00007-0,1
1H-A14N-A,2010-03-20,Template1,1809,2010-03-21,~M-00007-0,1
1H-A1CY-E,2010-03-20,Template1,1810,2010-03-21,~M-00007-0,1
1H-A1CZ-E,2010-03-20,Template1,1811,2010-03-21,~M-00007-0,1
1H-A1G8-E,2010-03-20,Template1,1812,2010-03-21,~M-00007-0,1
1H-A1KG-X,2010-03-20,Template1,1813,2010-03-21,~M-00007-0,1
1H-A1KQ-A,2010-03-20,Template1,1814,2010-03-21,~M-00007-0,1
1H-A1VW-A,2010-03-20,Template1,1815,2010-03-21,~M-00007-0,1
1H-A2B7-A,2010-03-20,Template1,1816,2010-03-21,~M-00007-0,1
1H-A2DK-A,2010-03-20,Template1,1817,2010-03-21,~M-00007-0,1
1H-A2G4-A,2010-03-20,Template1,1818,2010-03-21,~M-00007-0,1
1H-A2H2-X,2010-03-20,Template1,1819,2010-03-21,~M-00007-0,1
1H-A31G-E,2010-03-20,Template1,1820,2010-03-21,~M-00007-0,1
1H-A35Q-E,2010-03-20,Template1,1821,2010-03-21,~M-00007-0,1
1H-A38H-E,2010-03-20,Template1,1822,2010-03-21,~M-00007-0,1
1H-A3W9-A,2010-03-20,Template1,1823,2010-03-21,~M-00007-0,1
1H-A448-X,2010-03-20,Template1,1824,2010-03-21,~M-00007-0,1
1H-A4VV-E,2010-03-20,Template1,1825,2010-03-21,~M-00007-0,1
1H-A4VW-A,2010-03-20,Template1,1826,2010-03-21,~M-00007-0,1
1H-A539-A,2010-03-20,Template1,1827,2010-03-21,~M-00007-0,1
1H-A576-X,2010-03-20,Template1,1828,2010-03-21,~M-00007-0,1
1H-A586-A,2010-03-20,Template1,1829,2010-03-21,~M-00007-0,1
1H-A5T2-E,2010-03-20,Template1,1830,2010-03-21,~M-00007-0,1
1H-A5WK-E,2010-03-20,Template1,1831,2010-03-21,~M-00007-0,1
1H-A64Q-A,2010-03-20,Template1,1832,2010-03-21,~M-00007-0,1
1H-A6R5-A,2010-03-20,Template1,1833,2010-03-21,~M-00007-0,1
1H-A7G1-A,2010-03-20,Template1,1834,2010-03-21,~M-00007-0,1
1H-A7K9-A,2010-03-20,Template1,1835,2010-03-21,~M-00007-0,1
1H-A7N2-A,2010-03-20,Template1,1836,2010-03-21,~M-00007-0,1
1H-A86T-A,2010-03-20,Template1,1837,2010-03-21,~M-00007-0,1
1H-A8GN-A,2010-03-20,Template1,1838,2010-03-21,~M-00007-0,1
1H-A8NV-A,2010-03-20,Template1,1839,2010-03-21,~M-00007-0,1
1H-A8QH-A,2010-03-20,Template1,1840,2010-03-21,~M-00007-0,1
1H-A8RQ-A,2010-03-20,Template1,1841,2010-03-21,~M-00007-0,1
1H-A8XN-E,2010-03-20,Template1,1842,2010-03-21,~M-00007-0,1
1H-AAHG-A,2010-03-20,Template1,1843,2010-03-21,~M-00007-0,1
1H-AB3V-X,2010-03-20,Template1,1844,2010-03-21,~M-00007-0,1
1H-AB47-E,2010-03-20,Template1,1845,2010-03-21,~M-00007-0,1
1H-AB48-E,2010-03-20,Template1,1846,2010-03-21,~M-00007-0,1
1H-AB49-E,2010-03-20,Template1,1847,2010-03-21,~M-00007-0,1
1H-ABH4-A,2010-03-20,Template1,1848,2010-03-21,~M-00007-0,1
1H-ACHQ-A,2010-03-20,Template1,1849,2010-03-21,~M-00007-0,1
1H-ACHR-A,2010-03-20,Template1,1850,2010-03-21,~M-00007-0,1
1H-AD84-E,2010-03-20,Template1,1851,2010-03-21,~M-00007-0,1
1H-AD8V-A,2010-03-20,Template1,1852,2010-03-21,~M-00007-0,1
1H-ADDN-E,2010-03-20,Template1,1853,2010-03-21,~M-00007-0,1
1H-ADDN-X,2010-03-20,Template1,1854,2010-03-21,~M-00007-0,1
1H-ADDQ-E,2010-03-20,Template1,1855,2010-03-21,~M-00007-0,1
1H-ADDQ-X,2010-03-20,Template1,1856,2010-03-21,~M-00007-0,1
1H-ADZ4-A,2010-03-20,Template1,1857,2010-03-21,~M-00007-0,1
1H-ADZR-A,2010-03-20,Template1,1858,2010-03-21,~M-00007-0,1
1H-AFHQ-A,2010-03-20,Template1,1859,2010-03-21,~M-00007-0,1
1H-AFKY-A,2010-03-20,Template1,1860,2010-03-21,~M-00007-0,1
1H-AFNE-E,2010-03-20,Template1,1861,2010-03-21,~M-00007-0,1
1H-AH53-E,2010-03-20,Template1,1862,2010-03-21,~M-00007-0,1
1H-AHDR-A,2010-03-20,Template1,1863,2010-03-21,~M-00007-0,1
1H-AK0Z-A,2010-03-20,Template1,1864,2010-03-21,~M-00007-0,1
1H-AK6V-X,2010-03-20,Template1,1865,2010-03-21,~M-00007-0,1
1H-AKF3-A,2010-03-20,Template1,1866,2010-03-21,~M-00007-0,1
1H-BA0R-E,2010-03-20,Template1,1867,2010-03-21,~M-00007-0,1
1H-BA0R-F,2010-03-20,Template1,1868,2010-03-21,~M-00007-0,1
1H-BA35-A,2010-03-20,Template1,1869,2010-03-21,~M-00007-0,1
1H-BA36-A,2010-03-20,Template1,1870,2010-03-21,~M-00007-0,1
1H-BA59-A,2010-03-20,Template1,1871,2010-03-21,~M-00007-0,1
1H-BA59-E,2010-03-20,Template1,1872,2010-03-21,~M-00007-0,1
1H-BA5K-A,2010-03-20,Template1,1873,2010-03-21,~M-00007-0,1
1H-BA8Y-A,2010-03-20,Template1,1874,2010-03-21,~M-00007-0,1
1H-BA8Y-E,2010-03-20,Template1,1875,2010-03-21,~M-00007-0,1
1H-BABW-A,2010-03-20,Template1,1876,2010-03-21,~M-00007-0,1
1H-BAD6-A,2010-03-20,Template1,1877,2010-03-21,~M-00007-0,1
1H-BAQ2-A,2010-03-20,Template1,1878,2010-03-21,~M-00007-0,1
1H-BAV2-A,2010-03-20,Template1,1879,2010-03-21,~M-00007-0,1
1H-BAVK-A,2010-03-20,Template1,1880,2010-03-21,~M-00007-0,1
1H-BAZT-A,2010-03-20,Template1,1881,2010-03-21,~M-00007-0,1
1H-BB36-A,2010-03-20,Template1,1882,2010-03-21,~M-00007-0,1
1H-BB60-X,2010-03-20,Template1,1883,2010-03-21,~M-00007-0,1
1H-BBCV-A,2010-03-20,Template1,1884,2010-03-21,~M-00007-0,1
1H-BBX7-E,2010-03-20,Template1,1885,2010-03-21,~M-00007-0,1
1H-BC0V-E,2010-03-20,Template1,1886,2010-03-21,~M-00007-0,1
1H-BC8T-E,2010-03-20,Template1,1887,2010-03-21,~M-00007-0,1
1H-BC8V-E,2010-03-20,Template1,1888,2010-03-21,~M-00007-0,1
1H-BCA8-A,2010-03-20,Template1,1889,2010-03-21,~M-00007-0,1
1H-BCCQ-A,2010-03-20,Template1,1890,2010-03-21,~M-00007-0,1
1H-BCNZ-A,2010-03-20,Template1,1891,2010-03-21,~M-00007-0,1
1H-BCNZ-E,2010-03-20,Template1,1892,2010-03-21,~M-00007-0,1
1H-BCNZ-F,2010-03-20,Template1,1893,2010-03-21,~M-00007-0,1
1H-BCTG-A,2010-03-20,Template1,1894,2010-03-21,~M-00007-0,1
1H-BCX1-E,2010-03-20,Template1,1895,2010-03-21,~M-00007-0,1
1H-BCX1-F,2010-03-20,Template1,1896,2010-03-21,~M-00007-0,1
1H-BCX5-E,2010-03-20,Template1,1897,2010-03-21,~M-00007-0,1
1H-BD1X-A,2010-03-20,Template1,1898,2010-03-21,~M-00007-0,1
1H-BD84-A,2010-03-20,Template1,1899,2010-03-21,~M-00007-0,1
1H-BDNP-A,2010-03-20,Template1,1900,2010-03-21,~M-00007-0,1
1H-BDT2-A,2010-03-20,Template1,1901,2010-03-21,~M-00007-0,1
1H-BDT4-A,2010-03-20,Template1,1902,2010-03-21,~M-00007-0,1
1H-BFKW-E,2010-03-20,Template1,1903,2010-03-21,~M-00007-0,1
1H-BG5N-E,2010-03-20,Template1,1904,2010-03-21,~M-00007-0,1
1H-BG5N-F,2010-03-20,Template1,1905,2010-03-21,~M-00007-0,1
1H-BG7X-A,2010-03-20,Template1,1906,2010-03-21,~M-00007-0,1
1H-BGGW-X,2010-03-20,Template1,1907,2010-03-21,~M-00007-0,1
1H-BGRN-A,2010-03-20,Template1,1908,2010-03-21,~M-00007-0,1
1H-BGT3-E,2010-03-20,Template1,1909,2010-03-21,~M-00007-0,1
1H-BGXA-A,2010-03-20,Template1,1910,2010-03-21,~M-00007-0,1
1H-BGXA-X,2010-03-20,Template1,1911,2010-03-21,~M-00007-0,1
1H-BGYH-A,2010-03-20,Template1,1912,2010-03-21,~M-00007-0,1
1H-BH5Z-X,2010-03-20,Template1,1913,2010-03-21,~M-00007-0,1
1H-BH6H-X,2010-03-20,Template1,1914,2010-03-21,~M-00007-0,1
1H-BHAQ-X,2010-03-20,Template1,1915,2010-03-21,~M-00007-0,1
1H-BHC5-A,2010-03-20,Template1,1916,2010-03-21,~M-00007-0,1
1H-BHC5-X,2010-03-20,Template1,1917,2010-03-21,~M-00007-0,1
1H-BHZT-X,2010-03-20,Template1,1918,2010-03-21,~M-00007-0,1
1H-BKCY-A,2010-03-20,Template1,1919,2010-03-21,~M-00007-0,1
1H-BKV6-A,2010-03-20,Template1,1920,2010-03-21,~M-00007-0,1
1H-BKV7-E,2010-03-20,Template1,1921,2010-03-21,~M-00007-0,1
1H-BKX2-E,2010-03-20,Template1,1922,2010-03-21,~M-00007-0,1
26-BS33-A,2010-03-20,Template1,1923,2010-03-21,~M-00007-0,1
26-XAHZ-A,2010-03-20,Template1,1924,2010-03-21,~M-00007-0,1
49-5AAG-A,2010-03-20,Template1,1925,2010-03-21,~M-00007-0,1
49-5AAL-A,2010-03-20,Template1,1926,2010-03-21,~M-00007-0,1
49-5AMG-A,2010-03-20,Template1,1927,2010-03-21,~M-00007-0,1
49-5AMG-B,2010-03-20,Template1,1928,2010-03-21,~M-00007-0,1
4A-0207-A,2010-03-20,Template1,1929,2010-03-21,~M-00007-0,1
4A-0227-E,2010-03-20,Template1,1930,2010-03-21,~M-00007-0,1
4A-0641-E,2010-03-20,Template1,1931,2010-03-21,~M-00007-0,1
4A-0VVR-F,2010-03-20,Template1,1932,2010-03-21,~M-00007-0,1
4A-11RR-X,2010-03-20,Template1,1933,2010-03-21,~M-00007-0,1
4A-3H24-E,2010-03-20,Template1,1934,2010-03-21,~M-00007-0,1
4A-551Z-E,2010-03-20,Template1,1935,2010-03-21,~M-00007-0,1
4A-552Z-E,2010-03-20,Template1,1936,2010-03-21,~M-00007-0,1
4A-600T-E,2010-03-20,Template1,1937,2010-03-21,~M-00007-0,1
4A-61M9-E,2010-03-20,Template1,1938,2010-03-21,~M-00007-0,1
4A-697V-E,2010-03-20,Template1,1939,2010-03-21,~M-00007-0,1
4A-966N-E,2010-03-20,Template1,1940,2010-03-21,~M-00007-0,1
4A-D81R-E,2010-03-20,Template1,1941,2010-03-21,~M-00007-0,1
4A-Q208-E,2010-03-20,Template1,1942,2010-03-21,~M-00007-0,1
4A-T314-A,2010-03-20,Template1,1943,2010-03-21,~M-00007-0,1
4A-U225-E,2010-03-20,Template1,1944,2010-03-21,~M-00007-0,1
4A-V752-E,2010-03-20,Template1,1945,2010-03-21,~M-00007-0,1
5F-FBBG-3,2010-03-20,Template1,1946,2010-03-21,~M-00007-0,1
5F-FF2V-1,2010-03-20,Template1,1947,2010-03-21,~M-00007-0,1
5F-FFRK-1,2010-03-20,Template1,1948,2010-03-21,~M-00007-0,1
5F-FFRK-2,2010-03-20,Template1,1949,2010-03-21,~M-00007-0,1
5F-FHGT-2,2010-03-20,Template1,1950,2010-03-21,~M-00007-0,1
5F-FK8R-1,2010-03-20,Template1,1951,2010-03-21,~M-00007-0,1
5F-FNVR-2,2010-03-20,Template1,1952,2010-03-21,~M-00007-0,1
5F-FTB0-2,2010-03-20,Template1,1953,2010-03-21,~M-00007-0,1
5F-FTFR-2,2010-03-20,Template1,1954,2010-03-21,~M-00007-0,1
6X-D4CW-A,2010-03-20,Template1,1955,2010-03-21,~M-00007-0,1
6X-D4FD-A,2010-03-20,Template1,1956,2010-03-21,~M-00007-0,1
6X-D59J-A,2010-03-20,Template1,1957,2010-03-21,~M-00007-0,1
6X-D5C6-A,2010-03-20,Template1,1958,2010-03-21,~M-00007-0,1
6X-D5ND-A,2010-03-20,Template1,1959,2010-03-21,~M-00007-0,1
6X-D700-A,2010-03-20,Template1,1960,2010-03-21,~M-00007-0,1
6X-D7W3-A,2010-03-20,Template1,1961,2010-03-21,~M-00007-0,1
6X-GB57-X,2010-03-20,Template1,1962,2010-03-21,~M-00007-0,1
6X-GB58-X,2010-03-20,Template1,1963,2010-03-21,~M-00007-0,1
6X-GB68-X,2010-03-20,Template1,1964,2010-03-21,~M-00007-0,1
6X-GB69-X,2010-03-20,Template1,1965,2010-03-21,~M-00007-0,1
6X-GNC2-A,2010-03-20,Template1,1966,2010-03-21,~M-00007-0,1
6X-GND0-E,2010-03-20,Template1,1967,2010-03-21,~M-00007-0,1
6X-GND0-F,2010-03-20,Template1,1968,2010-03-21,~M-00007-0,1
6X-GND8-E,2010-03-20,Template1,1969,2010-03-21,~M-00007-0,1
6X-GQLH-A,2010-03-20,Template1,1970,2010-03-21,~M-00007-0,1
6X-GQWN-E,2010-03-20,Template1,1971,2010-03-21,~M-00007-0,1
6X-GQWQ-A,2010-03-20,Template1,1972,2010-03-21,~M-00007-0,1
6X-GQWR-A,2010-03-20,Template1,1973,2010-03-21,~M-00007-0,1
6X-GRDM-A,2010-03-20,Template1,1974,2010-03-21,~M-00007-0,1
6X-GWCJ-A,2010-03-20,Template1,1975,2010-03-21,~M-00007-0,1
6X-GWCJ-X,2010-03-20,Template1,1976,2010-03-21,~M-00007-0,1
6X-GWCR-A,2010-03-20,Template1,1977,2010-03-21,~M-00007-0,1
6X-GWNH-A,2010-03-20,Template1,1978,2010-03-21,~M-00007-0,1
6X-GX4V-A,2010-03-20,Template1,1979,2010-03-21,~M-00007-0,1
6X-Q1ZN-A,2010-03-20,Template1,1980,2010-03-21,~M-00007-0,1
6X-Q3DG-A,2010-03-20,Template1,1981,2010-03-21,~M-00007-0,1
6X-Q6F0-A,2010-03-20,Template1,1982,2010-03-21,~M-00007-0,1
6X-Q6R4-B,2010-03-20,Template1,1983,2010-03-21,~M-00007-0,1
6X-Q6T9-A,2010-03-20,Template1,1984,2010-03-21,~M-00007-0,1
6X-QB14-E,2010-03-20,Template1,1985,2010-03-21,~M-00007-0,1
6X-QC1M-A,2010-03-20,Template1,1986,2010-03-21,~M-00007-0,1
6X-QC4G-A,2010-03-20,Template1,1987,2010-03-21,~M-00007-0,1
6X-QCF2-A,2010-03-20,Template1,1988,2010-03-21,~M-00007-0,1
6X-QFZ6-A,2010-03-20,Template1,1989,2010-03-21,~M-00007-0,1
6X-QK1S-A,2010-03-20,Template1,1990,2010-03-21,~M-00007-0,1
6X-QK68-A,2010-03-20,Template1,1991,2010-03-21,~M-00007-0,1
6X-QK6X-E,2010-03-20,Template1,1992,2010-03-21,~M-00007-0,1
6X-QL9R-A,2010-03-20,Template1,1993,2010-03-21,~M-00007-0,1
6X-QLV2-E,2010-03-20,Template1,1994,2010-03-21,~M-00007-0,1
6X-R04D-B,2010-03-20,Template1,1995,2010-03-21,~M-00007-0,1
6X-R3N8-B,2010-03-20,Template1,1996,2010-03-21,~M-00007-0,1
6X-RBXK-A,2010-03-20,Template1,1997,2010-03-21,~M-00007-0,1
6X-RBXK-Y,2010-03-20,Template1,1998,2010-03-21,~M-00007-0,1
6X-TBWZ-E,2010-03-20,Template1,1999,2010-03-21,~M-00007-0,1
