account_number, mgmt_start_date, uma_template, UMA_CASH_MVT, UMA_DATE_PROCH_INTEGR , UMA_MODEL_NO, ALLOCATION_UMA_1A7;
04-AAYW-A,2009-04-25,Template2,500,2010-04-25,~M-00008-0,3;
04-ABBR-A,2009-04-25,Template2,501,2010-04-25,~M-00008-0,3; 
04-AGN2-A,2009-04-25,Template2,502,2010-04-25,~M-00008-0,3;
04-AHQQ-A,2009-04-25,Template2,503,2010-04-25,~M-00008-0,3;
05-FK5G-E,2009-04-25,Template2,504,2010-04-25,~M-00008-0,3;
05-FS04-E,2009-04-25,Template2,505,2010-04-25,~M-00008-0,3;
05-FX1F-A,2009-04-25,Template2,506,2010-04-25,~M-00008-0,3;
05-FX1F-E,2009-04-25,Template2,507,2010-04-25,~M-00008-0,3;
05-FX1F-F,2009-04-25,Template2,508,2010-04-25,~M-00008-0,3;
05-G08Z-A,2009-04-25,Template2,509,2010-04-25,~M-00008-0,3;
05-G09P-A,2009-04-25,Template2,510,2010-04-25,~M-00008-0,3;
05-G13Q-E,2009-04-25,Template2,511,2010-04-25,~M-00008-0,3;
05-G268-A,2009-04-25,Template2,512,2010-04-25,~M-00008-0,3;
05-G2L0-A,2009-04-25,Template2,513,2010-04-25,~M-00008-0,3;
05-G30U-A,2009-04-25,Template2,514,2010-04-25,~M-00008-0,3;
05-G3RR-A,2009-04-25,Template2,515,2010-04-25,~M-00008-0,3;
05-G3XK-E,2009-04-25,Template2,516,2010-04-25,~M-00008-0,3;
05-G4AF-A,2009-04-25,Template2,517,2010-04-25,~M-00008-0,3;
05-G4YV-A,2009-04-25,Template2,518,2010-04-25,~M-00008-0,3;
05-G607-E,2009-04-25,Template2,519,2010-04-25,~M-00008-0,3;
05-GB5X-A,2009-04-25,Template2,520,2010-04-25,~M-00008-0,3;
05-GDJK-E,2009-04-25,Template2,521,2010-04-25,~M-00008-0,3;
05-GG10-E,2009-04-25,Template2,522,2010-04-25,~M-00008-0,3;
05-GN83-A,2009-04-25,Template2,523,2010-04-25,~M-00008-0,3;
05-GVR4-E,2009-04-25,Template2,524,2010-04-25,~M-00008-0,3;
05-GWUD-B,2009-04-25,Template2,525,2010-04-25,~M-00008-0,3;
05-GX2G-A,2009-04-25,Template2,526,2010-04-25,~M-00008-0,3;
05-GX5F-E,2009-04-25,Template2,527,2010-04-25,~M-00008-0,3;
05-GX8N-A,2009-04-25,Template2,528,2010-04-25,~M-00008-0,3;
05-GXW6-E,2009-04-25,Template2,529,2010-04-25,~M-00008-0,3;
05-GZMU-A,2009-04-25,Template2,530,2010-04-25,~M-00008-0,3;
05-GZX6-A,2009-04-25,Template2,531,2010-04-25,~M-00008-0,3;
05-H0WL-B,2009-04-25,Template2,532,2010-04-25,~M-00008-0,3;
05-H147-E,2009-04-25,Template2,533,2010-04-25,~M-00008-0,3;
05-H21R-E,2009-04-25,Template2,534,2010-04-25,~M-00008-0,3;
05-H4G4-E,2009-04-25,Template2,535,2010-04-25,~M-00008-0,3;
05-H5FL-E,2009-04-25,Template2,536,2010-04-25,~M-00008-0,3;
05-H60Z-A,2009-04-25,Template2,537,2010-04-25,~M-00008-0,3;
05-H9TW-F,2009-04-25,Template2,538,2010-04-25,~M-00008-0,3;
05-HA0S-A,2009-04-25,Template2,539,2010-04-25,~M-00008-0,3;
05-HBLM-X,2009-04-25,Template2,540,2010-04-25,~M-00008-0,3;
05-HFGH-B,2009-04-25,Template2,541,2010-04-25,~M-00008-0,3;
05-HHGJ-E,2009-04-25,Template2,542,2010-04-25,~M-00008-0,3;
05-HL8N-T,2009-04-25,Template2,543,2010-04-25,~M-00008-0,3;
05-HLD0-E,2009-04-25,Template2,544,2010-04-25,~M-00008-0,3;
05-HLHX-E,2009-04-25,Template2,545,2010-04-25,~M-00008-0,3;
05-HMVM-A,2009-04-25,Template2,546,2010-04-25,~M-00008-0,3;
05-HRAY-E,2009-04-25,Template2,547,2010-04-25,~M-00008-0,3;
05-HRSV-E,2009-04-25,Template2,548,2010-04-25,~M-00008-0,3;
05-HWJF-A,2009-04-25,Template2,549,2010-04-25,~M-00008-0,3;
05-HXMP-E,2009-04-25,Template2,550,2010-04-25,~M-00008-0,3;
05-HYMS-A,2009-04-25,Template2,551,2010-04-25,~M-00008-0,3;
08-091X-E,2009-04-25,Template2,552,2010-04-25,~M-00008-0,3;
0B-CABB-A,2009-04-25,Template2,553,2010-04-25,~M-00008-0,3;
0B-CABN-A,2009-04-25,Template2,554,2010-04-25,~M-00008-0,3;
0B-CABP-A,2009-04-25,Template2,555,2010-04-25,~M-00008-0,3;
0B-CABR-A,2009-04-25,Template2,556,2010-04-25,~M-00008-0,3;
0B-CABT-A,2009-04-25,Template2,557,2010-04-25,~M-00008-0,3;
0B-CABW-A,2009-04-25,Template2,558,2010-04-25,~M-00008-0,3;
0B-CABX-A,2009-04-25,Template2,559,2010-04-25,~M-00008-0,3;
0B-CABX-B,2009-04-25,Template2,560,2010-04-25,~M-00008-0,3;
0B-CACB-A,2009-04-25,Template2,561,2010-04-25,~M-00008-0,3;
0B-CACD-A,2009-04-25,Template2,562,2010-04-25,~M-00008-0,3;
11-01VW-E,2009-04-25,Template2,563,2010-04-25,~M-00008-0,3;
11-01VX-E,2009-04-25,Template2,564,2010-04-25,~M-00008-0,3;
11-1ABV-A,2009-04-25,Template2,565,2010-04-25,~M-00008-0,3;
11-1F1T-X,2009-04-25,Template2,566,2010-04-25,~M-00008-0,3;
11-1F7H-E,2009-04-25,Template2,567,2010-04-25,~M-00008-0,3;
11-1FR7-E,2009-04-25,Template2,568,2010-04-25,~M-00008-0,3;
11-1FR7-F,2009-04-25,Template2,569,2010-04-25,~M-00008-0,3;
11-1N2V-E,2009-04-25,Template2,570,2010-04-25,~M-00008-0,3;
11-4CA6-E,2009-04-25,Template2,571,2010-04-25,~M-00008-0,3;
11-4GQY-E,2009-04-25,Template2,572,2010-04-25,~M-00008-0,3;
11-4RC2-E,2009-04-25,Template2,573,2010-04-25,~M-00008-0,3;
11-57YR-E,2009-04-25,Template2,574,2010-04-25,~M-00008-0,3;
11-5V2G-E,2009-04-25,Template2,575,2010-04-25,~M-00008-0,3;
11-610Z-E,2009-04-25,Template2,576,2010-04-25,~M-00008-0,3;
11-6G39-A,2009-04-25,Template2,577,2010-04-25,~M-00008-0,3;
11-79B1-E,2009-04-25,Template2,578,2010-04-25,~M-00008-0,3;
11-79NY-A,2009-04-25,Template2,579,2010-04-25,~M-00008-0,3;
11-79NY-B,2009-04-25,Template2,580,2010-04-25,~M-00008-0,3;
11-7XT2-T,2009-04-25,Template2,581,2010-04-25,~M-00008-0,3;
11-7ZFK-T,2009-04-25,Template2,582,2010-04-25,~M-00008-0,3;
11-89W2-A,2009-04-25,Template2,583,2010-04-25,~M-00008-0,3;
11-89W3-A,2009-04-25,Template2,584,2010-04-25,~M-00008-0,3;
11-8HT8-7,2009-04-25,Template2,585,2010-04-25,~M-00008-0,3;
11-8HT8-S,2009-04-25,Template2,586,2010-04-25,~M-00008-0,3;
11-8HYT-7,2009-04-25,Template2,587,2010-04-25,~M-00008-0,3;
11-8HYT-S,2009-04-25,Template2,588,2010-04-25,~M-00008-0,3;
11-8T16-A,2009-04-25,Template2,589,2010-04-25,~M-00008-0,3;
11-B7Q6-A,2009-04-25,Template2,590,2010-04-25,~M-00008-0,3;
11-BQBR-E,2009-04-25,Template2,591,2010-04-25,~M-00008-0,3;
11-BQFY-A,2009-04-25,Template2,592,2010-04-25,~M-00008-0,3;
11-C007-E,2009-04-25,Template2,593,2010-04-25,~M-00008-0,3;
11-C8QY-E,2009-04-25,Template2,594,2010-04-25,~M-00008-0,3;
11-CR3G-A,2009-04-25,Template2,595,2010-04-25,~M-00008-0,3;
11-CTA5-A,2009-04-25,Template2,596,2010-04-25,~M-00008-0,3;
11-CTZR-A,2009-04-25,Template2,597,2010-04-25,~M-00008-0,3;
11-CYXW-S,2009-04-25,Template2,598,2010-04-25,~M-00008-0,3;
11-F75X-A,2009-04-25,Template2,599,2010-04-25,~M-00008-0,3;
11-H7HV-E,2009-04-25,Template2,600,2010-04-25,~M-00008-0,3;
11-RQVZ-A,2009-04-25,Template2,601,2010-04-25,~M-00008-0,3;
11-RQVZ-B,2009-04-25,Template2,602,2010-04-25,~M-00008-0,3;
11-RY5V-A,2009-04-25,Template2,603,2010-04-25,~M-00008-0,3;
11-RY5V-B,2009-04-25,Template2,604,2010-04-25,~M-00008-0,3;
11-T1GR-E,2009-04-25,Template2,605,2010-04-25,~M-00008-0,3;
11-T314-A,2009-04-25,Template2,606,2010-04-25,~M-00008-0,3;
11-T3R6-E,2009-04-25,Template2,607,2010-04-25,~M-00008-0,3;
11-T83N-A,2009-04-25,Template2,608,2010-04-25,~M-00008-0,3;
11-T92V-E,2009-04-25,Template2,609,2010-04-25,~M-00008-0,3;
11-T9GG-E,2009-04-25,Template2,610,2010-04-25,~M-00008-0,3;
11-T9GG-T,2009-04-25,Template2,611,2010-04-25,~M-00008-0,3;
11-V0AN-A,2009-04-25,Template2,612,2010-04-25,~M-00008-0,3;
11-V0YV-A,2009-04-25,Template2,613,2010-04-25,~M-00008-0,3;
11-V1B4-A,2009-04-25,Template2,614,2010-04-25,~M-00008-0,3;
11-V5KV-A,2009-04-25,Template2,615,2010-04-25,~M-00008-0,3;
11-V5YG-E,2009-04-25,Template2,616,2010-04-25,~M-00008-0,3;
11-V6V7-E,2009-04-25,Template2,617,2010-04-25,~M-00008-0,3;
11-V6VN-E,2009-04-25,Template2,618,2010-04-25,~M-00008-0,3;
11-V6XN-A,2009-04-25,Template2,619,2010-04-25,~M-00008-0,3;
11-VAQR-A,2009-04-25,Template2,620,2010-04-25,~M-00008-0,3;
11-VB49-E,2009-04-25,Template2,621,2010-04-25,~M-00008-0,3;
11-VC13-A,2009-04-25,Template2,622,2010-04-25,~M-00008-0,3;
11-VHW0-B,2009-04-25,Template2,623,2010-04-25,~M-00008-0,3;
11-VKRW-F,2009-04-25,Template2,624,2010-04-25,~M-00008-0,3;
11-VKVV-A,2009-04-25,Template2,625,2010-04-25,~M-00008-0,3;
11-VKY1-X,2009-04-25,Template2,626,2010-04-25,~M-00008-0,3;
11-VNF8-E,2009-04-25,Template2,627,2010-04-25,~M-00008-0,3;
11-VQ67-A,2009-04-25,Template2,628,2010-04-25,~M-00008-0,3;
11-VQ7N-A,2009-04-25,Template2,629,2010-04-25,~M-00008-0,3;
11-VVA4-X,2009-04-25,Template2,630,2010-04-25,~M-00008-0,3;
11-VVBG-X,2009-04-25,Template2,631,2010-04-25,~M-00008-0,3;
11-VW0N-A,2009-04-25,Template2,632,2010-04-25,~M-00008-0,3;
11-VWZ9-A,2009-04-25,Template2,633,2010-04-25,~M-00008-0,3;
11-VX20-A,2009-04-25,Template2,634,2010-04-25,~M-00008-0,3;
11-VYBG-A,2009-04-25,Template2,635,2010-04-25,~M-00008-0,3;
11-W03Q-A,2009-04-25,Template2,636,2010-04-25,~M-00008-0,3;
11-W07Z-A,2009-04-25,Template2,637,2010-04-25,~M-00008-0,3;
11-W15W-A,2009-04-25,Template2,638,2010-04-25,~M-00008-0,3;
11-W1KH-A,2009-04-25,Template2,639,2010-04-25,~M-00008-0,3;
11-W2HR-A,2009-04-25,Template2,640,2010-04-25,~M-00008-0,3;
11-W2Q0-A,2009-04-25,Template2,641,2010-04-25,~M-00008-0,3;
11-W39E-E,2009-04-25,Template2,642,2010-04-25,~M-00008-0,3;
11-WAA1-A,2009-04-25,Template2,643,2010-04-25,~M-00008-0,3;
11-WT34-E,2009-04-25,Template2,644,2010-04-25,~M-00008-0,3;
11-WT34-X,2009-04-25,Template2,645,2010-04-25,~M-00008-0,3;
11-WT5K-X,2009-04-25,Template2,646,2010-04-25,~M-00008-0,3;
11-WTH6-A,2009-04-25,Template2,647,2010-04-25,~M-00008-0,3;
11-WWQ4-E,2009-04-25,Template2,648,2010-04-25,~M-00008-0,3;
11-WWTX-E,2009-04-25,Template2,649,2010-04-25,~M-00008-0,3;
11-X0B3-E,2009-04-25,Template2,650,2010-04-25,~M-00008-0,3;
11-X0B3-F,2009-04-25,Template2,651,2010-04-25,~M-00008-0,3;
11-X0RQ-A,2009-04-25,Template2,652,2010-04-25,~M-00008-0,3;
11-X1A0-A,2009-04-25,Template2,653,2010-04-25,~M-00008-0,3;
11-X1AR-E,2009-04-25,Template2,654,2010-04-25,~M-00008-0,3;
11-X278-E,2009-04-25,Template2,655,2010-04-25,~M-00008-0,3;
11-X3KX-E,2009-04-25,Template2,656,2010-04-25,~M-00008-0,3;
11-X4T9-E,2009-04-25,Template2,657,2010-04-25,~M-00008-0,3;
11-X4WV-A,2009-04-25,Template2,658,2010-04-25,~M-00008-0,3;
11-X6AN-A,2009-04-25,Template2,659,2010-04-25,~M-00008-0,3;
11-X7G7-A,2009-04-25,Template2,660,2010-04-25,~M-00008-0,3;
11-XR95-A,2009-04-25,Template2,661,2010-04-25,~M-00008-0,3;
11-XR9V-A,2009-04-25,Template2,662,2010-04-25,~M-00008-0,3;
11-XRX9-X,2009-04-25,Template2,663,2010-04-25,~M-00008-0,3;
11-XRXT-A,2009-04-25,Template2,664,2010-04-25,~M-00008-0,3;
11-XTNG-E,2009-04-25,Template2,665,2010-04-25,~M-00008-0,3;
11-XW0H-A,2009-04-25,Template2,666,2010-04-25,~M-00008-0,3;
11-XX04-X,2009-04-25,Template2,667,2010-04-25,~M-00008-0,3;
11-XXFQ-X,2009-04-25,Template2,668,2010-04-25,~M-00008-0,3;
11-XXKW-A,2009-04-25,Template2,669,2010-04-25,~M-00008-0,3;
11-XY00-A,2009-04-25,Template2,670,2010-04-25,~M-00008-0,3;
11-XY01-A,2009-04-25,Template2,671,2010-04-25,~M-00008-0,3;
11-XY0T-E,2009-04-25,Template2,672,2010-04-25,~M-00008-0,3;
11-XY0T-F,2009-04-25,Template2,673,2010-04-25,~M-00008-0,3;
11-XY45-E,2009-04-25,Template2,674,2010-04-25,~M-00008-0,3;
11-XY45-F,2009-04-25,Template2,675,2010-04-25,~M-00008-0,3;
11-Y00P-E,2009-04-25,Template2,676,2010-04-25,~M-00008-0,3;
11-Y01G-E,2009-04-25,Template2,677,2010-04-25,~M-00008-0,3;
11-Y01G-F,2009-04-25,Template2,678,2010-04-25,~M-00008-0,3;
11-Y02N-A,2009-04-25,Template2,679,2010-04-25,~M-00008-0,3;
11-Y03X-E,2009-04-25,Template2,680,2010-04-25,~M-00008-0,3;
11-Y0H7-E,2009-04-25,Template2,681,2010-04-25,~M-00008-0,3;
11-Y0HP-E,2009-04-25,Template2,682,2010-04-25,~M-00008-0,3;
11-Y0T1-A,2009-04-25,Template2,683,2010-04-25,~M-00008-0,3;
11-Y0WH-E,2009-04-25,Template2,684,2010-04-25,~M-00008-0,3;
11-Y0YT-F,2009-04-25,Template2,685,2010-04-25,~M-00008-0,3;
11-Y11Q-E,2009-04-25,Template2,686,2010-04-25,~M-00008-0,3;
11-Y151-A,2009-04-25,Template2,687,2010-04-25,~M-00008-0,3;
11-Y1AX-A,2009-04-25,Template2,688,2010-04-25,~M-00008-0,3;
11-Y1C2-A,2009-04-25,Template2,689,2010-04-25,~M-00008-0,3;
11-Y1RW-A,2009-04-25,Template2,690,2010-04-25,~M-00008-0,3;
11-Y20R-E,2009-04-25,Template2,691,2010-04-25,~M-00008-0,3;
11-Y23Z-A,2009-04-25,Template2,692,2010-04-25,~M-00008-0,3;
11-Y26X-A,2009-04-25,Template2,693,2010-04-25,~M-00008-0,3;
11-Y2D6-A,2009-04-25,Template2,694,2010-04-25,~M-00008-0,3;
11-Y2FH-A,2009-04-25,Template2,695,2010-04-25,~M-00008-0,3;
11-Y3A4-A,2009-04-25,Template2,696,2010-04-25,~M-00008-0,3;
11-Y3DP-A,2009-04-25,Template2,697,2010-04-25,~M-00008-0,3;
11-Y3DP-B,2009-04-25,Template2,698,2010-04-25,~M-00008-0,3;
11-Y3DZ-A,2009-04-25,Template2,699,2010-04-25,~M-00008-0,3;
11-Y3G1-A,2009-04-25,Template2,700,2010-04-25,~M-00008-0,3;
11-Y3QR-A,2009-04-25,Template2,701,2010-04-25,~M-00008-0,3;
11-Y410-A,2009-04-25,Template2,702,2010-04-25,~M-00008-0,3;
11-Y46P-A,2009-04-25,Template2,703,2010-04-25,~M-00008-0,3;
11-Y47P-A,2009-04-25,Template2,704,2010-04-25,~M-00008-0,3;
11-Y4CW-X,2009-04-25,Template2,705,2010-04-25,~M-00008-0,3;
11-Y4R5-A,2009-04-25,Template2,706,2010-04-25,~M-00008-0,3;
11-Y4R9-A,2009-04-25,Template2,707,2010-04-25,~M-00008-0,3;
11-Y4TP-A,2009-04-25,Template2,708,2010-04-25,~M-00008-0,3;
11-Y4TP-B,2009-04-25,Template2,709,2010-04-25,~M-00008-0,3;
11-Y4Z1-A,2009-04-25,Template2,710,2010-04-25,~M-00008-0,3;
11-Y515-F,2009-04-25,Template2,711,2010-04-25,~M-00008-0,3;
11-Y53W-A,2009-04-25,Template2,712,2010-04-25,~M-00008-0,3;
11-Y57Q-A,2009-04-25,Template2,713,2010-04-25,~M-00008-0,3;
11-Y5B8-E,2009-04-25,Template2,714,2010-04-25,~M-00008-0,3;
11-Y5D7-E,2009-04-25,Template2,715,2010-04-25,~M-00008-0,3;
11-Y5GK-E,2009-04-25,Template2,716,2010-04-25,~M-00008-0,3;
11-Y5GK-F,2009-04-25,Template2,717,2010-04-25,~M-00008-0,3;
11-Y5R3-E,2009-04-25,Template2,718,2010-04-25,~M-00008-0,3;
11-Y5XX-A,2009-04-25,Template2,719,2010-04-25,~M-00008-0,3;
11-Y62N-E,2009-04-25,Template2,720,2010-04-25,~M-00008-0,3;
11-Y62V-A,2009-04-25,Template2,721,2010-04-25,~M-00008-0,3;
11-Y63Y-B,2009-04-25,Template2,722,2010-04-25,~M-00008-0,3;
11-Y673-E,2009-04-25,Template2,723,2010-04-25,~M-00008-0,3;
11-Y68G-A,2009-04-25,Template2,724,2010-04-25,~M-00008-0,3;
11-Y6R2-E,2009-04-25,Template2,725,2010-04-25,~M-00008-0,3;
11-Y6WR-E,2009-04-25,Template2,726,2010-04-25,~M-00008-0,3;
11-Y6WT-E,2009-04-25,Template2,727,2010-04-25,~M-00008-0,3;
11-Y6WT-F,2009-04-25,Template2,728,2010-04-25,~M-00008-0,3;
11-Y72H-X,2009-04-25,Template2,729,2010-04-25,~M-00008-0,3;
11-Y75W-A,2009-04-25,Template2,730,2010-04-25,~M-00008-0,3;
11-Y76R-E,2009-04-25,Template2,731,2010-04-25,~M-00008-0,3;
11-Y7AX-B,2009-04-25,Template2,732,2010-04-25,~M-00008-0,3;
11-Y7AY-A,2009-04-25,Template2,733,2010-04-25,~M-00008-0,3;
11-Y7AY-B,2009-04-25,Template2,734,2010-04-25,~M-00008-0,3;
11-Y7DX-A,2009-04-25,Template2,735,2010-04-25,~M-00008-0,3;
11-Y7F5-A,2009-04-25,Template2,736,2010-04-25,~M-00008-0,3;
11-Y7K7-A,2009-04-25,Template2,737,2010-04-25,~M-00008-0,3;
11-Y7KK-E,2009-04-25,Template2,738,2010-04-25,~M-00008-0,3;
11-Y7NQ-A,2009-04-25,Template2,739,2010-04-25,~M-00008-0,3;
11-Y7VQ-A,2009-04-25,Template2,740,2010-04-25,~M-00008-0,3;
11-Y7WG-E,2009-04-25,Template2,741,2010-04-25,~M-00008-0,3;
11-Y845-A,2009-04-25,Template2,742,2010-04-25,~M-00008-0,3;
11-Y85K-E,2009-04-25,Template2,743,2010-04-25,~M-00008-0,3;
11-Y85K-F,2009-04-25,Template2,744,2010-04-25,~M-00008-0,3;
11-Y86Y-A,2009-04-25,Template2,745,2010-04-25,~M-00008-0,3;
11-Y8DN-A,2009-04-25,Template2,746,2010-04-25,~M-00008-0,3;
11-Y8FY-A,2009-04-25,Template2,747,2010-04-25,~M-00008-0,3;
11-Y8R6-E,2009-04-25,Template2,748,2010-04-25,~M-00008-0,3;
11-Y8T9-A,2009-04-25,Template2,749,2010-04-25,~M-00008-0,3;
11-Y8VW-A,2009-04-25,Template2,750,2010-04-25,~M-00008-0,3;
11-Y8XZ-A,2009-04-25,Template2,751,2010-04-25,~M-00008-0,3;
11-YA58-A,2009-04-25,Template2,752,2010-04-25,~M-00008-0,3;
11-YAKY-A,2009-04-25,Template2,753,2010-04-25,~M-00008-0,3;
11-YAQ3-E,2009-04-25,Template2,754,2010-04-25,~M-00008-0,3;
11-YAV1-A,2009-04-25,Template2,755,2010-04-25,~M-00008-0,3;
11-YAY6-X,2009-04-25,Template2,756,2010-04-25,~M-00008-0,3;
11-YBH1-E,2009-04-25,Template2,757,2010-04-25,~M-00008-0,3;
11-YCF9-A,2009-04-25,Template2,758,2010-04-25,~M-00008-0,3;
11-YCGG-X,2009-04-25,Template2,759,2010-04-25,~M-00008-0,3;
11-YWX7-A,2009-04-25,Template2,760,2010-04-25,~M-00008-0,3;
11-YWXK-A,2009-04-25,Template2,761,2010-04-25,~M-00008-0,3;
11-YY05-B,2009-04-25,Template2,762,2010-04-25,~M-00008-0,3;
11-YYC5-A,2009-04-25,Template2,763,2010-04-25,~M-00008-0,3;
11-YYCW-E,2009-04-25,Template2,764,2010-04-25,~M-00008-0,3;
11-YYV0-A,2009-04-25,Template2,765,2010-04-25,~M-00008-0,3;
11-YYV0-B,2009-04-25,Template2,766,2010-04-25,~M-00008-0,3;
11-YYWY-A,2009-04-25,Template2,767,2010-04-25,~M-00008-0,3;
11-YYWY-X,2009-04-25,Template2,768,2010-04-25,~M-00008-0,3;
11-YYZ3-B,2009-04-25,Template2,769,2010-04-25,~M-00008-0,3;
11-YYZQ-A,2009-04-25,Template2,770,2010-04-25,~M-00008-0,3;
11-YZ16-A,2009-04-25,Template2,771,2010-04-25,~M-00008-0,3;
11-YZ23-A,2009-04-25,Template2,772,2010-04-25,~M-00008-0,3;
11-YZ4T-E,2009-04-25,Template2,773,2010-04-25,~M-00008-0,3;
11-YZB3-E,2009-04-25,Template2,774,2010-04-25,~M-00008-0,3;
11-YZG6-E,2009-04-25,Template2,775,2010-04-25,~M-00008-0,3;
11-YZNR-A,2009-04-25,Template2,776,2010-04-25,~M-00008-0,3;
11-YZTN-A,2009-04-25,Template2,777,2010-04-25,~M-00008-0,3;
11-YZYK-E,2009-04-25,Template2,778,2010-04-25,~M-00008-0,3;
11-ZA43-E,2009-04-25,Template2,779,2010-04-25,~M-00008-0,3;
11-ZA43-F,2009-04-25,Template2,780,2010-04-25,~M-00008-0,3;
11-ZA43-X,2009-04-25,Template2,781,2010-04-25,~M-00008-0,3;
11-ZA60-A,2009-04-25,Template2,782,2010-04-25,~M-00008-0,3;
11-ZA60-B,2009-04-25,Template2,783,2010-04-25,~M-00008-0,3;
11-ZA61-A,2009-04-25,Template2,784,2010-04-25,~M-00008-0,3;
11-ZA61-B,2009-04-25,Template2,785,2010-04-25,~M-00008-0,3;
11-ZAFK-E,2009-04-25,Template2,786,2010-04-25,~M-00008-0,3;
11-ZAQ0-A,2009-04-25,Template2,787,2010-04-25,~M-00008-0,3;
11-ZB7R-E,2009-04-25,Template2,788,2010-04-25,~M-00008-0,3;
11-ZB8Q-A,2009-04-25,Template2,789,2010-04-25,~M-00008-0,3;
11-ZBAY-E,2009-04-25,Template2,790,2010-04-25,~M-00008-0,3;
11-ZBFG-E,2009-04-25,Template2,791,2010-04-25,~M-00008-0,3;
11-ZBK9-A,2009-04-25,Template2,792,2010-04-25,~M-00008-0,3;
11-ZBKG-A,2009-04-25,Template2,793,2010-04-25,~M-00008-0,3;
11-ZBNP-A,2009-04-25,Template2,794,2010-04-25,~M-00008-0,3;
11-ZBV7-X,2009-04-25,Template2,795,2010-04-25,~M-00008-0,3;
11-ZCF9-A,2009-04-25,Template2,796,2010-04-25,~M-00008-0,3;
11-ZCHY-A,2009-04-25,Template2,797,2010-04-25,~M-00008-0,3;
11-ZCHZ-A,2009-04-25,Template2,798,2010-04-25,~M-00008-0,3;
11-ZCV9-A,2009-04-25,Template2,799,2010-04-25,~M-00008-0,3;
11-ZD14-A,2009-04-25,Template2,800,2010-04-25,~M-00008-0,3;
11-ZD6K-A,2009-04-25,Template2,801,2010-04-25,~M-00008-0,3;
11-ZD7Y-A,2009-04-25,Template2,802,2010-04-25,~M-00008-0,3;
11-ZDBT-A,2009-04-25,Template2,803,2010-04-25,~M-00008-0,3;
11-ZDBT-E,2009-04-25,Template2,804,2010-04-25,~M-00008-0,3;
11-ZDZX-E,2009-04-25,Template2,805,2010-04-25,~M-00008-0,3;
11-ZF0X-A,2009-04-25,Template2,806,2010-04-25,~M-00008-0,3;
11-ZFF7-A,2009-04-25,Template2,807,2010-04-25,~M-00008-0,3;
11-ZFF7-B,2009-04-25,Template2,808,2010-04-25,~M-00008-0,3;
11-ZFW8-A,2009-04-25,Template2,809,2010-04-25,~M-00008-0,3;
11-ZFXG-A,2009-04-25,Template2,810,2010-04-25,~M-00008-0,3;
11-ZFYR-A,2009-04-25,Template2,811,2010-04-25,~M-00008-0,3;
11-ZFYR-B,2009-04-25,Template2,812,2010-04-25,~M-00008-0,3;
11-ZFZH-A,2009-04-25,Template2,813,2010-04-25,~M-00008-0,3;
11-ZFZH-B,2009-04-25,Template2,814,2010-04-25,~M-00008-0,3;
11-ZG2Z-E,2009-04-25,Template2,815,2010-04-25,~M-00008-0,3;
11-ZGFK-X,2009-04-25,Template2,816,2010-04-25,~M-00008-0,3;
11-ZGT9-A,2009-04-25,Template2,817,2010-04-25,~M-00008-0,3;
11-ZH16-A,2009-04-25,Template2,818,2010-04-25,~M-00008-0,3;
11-ZH9Z-A,2009-04-25,Template2,819,2010-04-25,~M-00008-0,3;
11-ZHA1-A,2009-04-25,Template2,820,2010-04-25,~M-00008-0,3;
11-ZHD5-E,2009-04-25,Template2,821,2010-04-25,~M-00008-0,3;
11-ZHK7-A,2009-04-25,Template2,822,2010-04-25,~M-00008-0,3;
11-ZHKZ-A,2009-04-25,Template2,823,2010-04-25,~M-00008-0,3;
11-ZHVN-A,2009-04-25,Template2,824,2010-04-25,~M-00008-0,3;
11-ZHX1-A,2009-04-25,Template2,825,2010-04-25,~M-00008-0,3;
11-ZHYZ-A,2009-04-25,Template2,826,2010-04-25,~M-00008-0,3;
11-ZKAH-A,2009-04-25,Template2,827,2010-04-25,~M-00008-0,3;
11-ZKD6-A,2009-04-25,Template2,828,2010-04-25,~M-00008-0,3;
11-ZKK7-A,2009-04-25,Template2,829,2010-04-25,~M-00008-0,3;
12-0297-E,2009-04-25,Template2,830,2010-04-25,~M-00008-0,3;
12-0487-E,2009-04-25,Template2,831,2010-04-25,~M-00008-0,3;
12-0487-S,2009-04-25,Template2,832,2010-04-25,~M-00008-0,3;
12-0605-E,2009-04-25,Template2,833,2010-04-25,~M-00008-0,3;
12-0810-T,2009-04-25,Template2,834,2010-04-25,~M-00008-0,3;
12-6111-E,2009-04-25,Template2,835,2010-04-25,~M-00008-0,3;
12-6111-X,2009-04-25,Template2,836,2010-04-25,~M-00008-0,3;
12-6787-A,2009-04-25,Template2,837,2010-04-25,~M-00008-0,3;
12-8828-X,2009-04-25,Template2,838,2010-04-25,~M-00008-0,3;
12-D044-A,2009-04-25,Template2,839,2010-04-25,~M-00008-0,3;
12-D858-E,2009-04-25,Template2,840,2010-04-25,~M-00008-0,3;
12-D859-E,2009-04-25,Template2,841,2010-04-25,~M-00008-0,3;
1A-0Q11-E,2009-04-25,Template2,842,2010-04-25,~M-00008-0,3;
1A-0QBY-E,2009-04-25,Template2,843,2010-04-25,~M-00008-0,3;
1A-3F8H-E,2009-04-25,Template2,844,2010-04-25,~M-00008-0,3;
1A-446W-E,2009-04-25,Template2,845,2010-04-25,~M-00008-0,3;
1A-446W-F,2009-04-25,Template2,846,2010-04-25,~M-00008-0,3;
1A-4A45-F,2009-04-25,Template2,847,2010-04-25,~M-00008-0,3;
1A-4AZ9-E,2009-04-25,Template2,848,2010-04-25,~M-00008-0,3;
1A-4AZ9-F,2009-04-25,Template2,849,2010-04-25,~M-00008-0,3;
1A-4B40-E,2009-04-25,Template2,850,2010-04-25,~M-00008-0,3;
1A-4B8R-X,2009-04-25,Template2,851,2010-04-25,~M-00008-0,3;
1A-4BT5-E,2009-04-25,Template2,852,2010-04-25,~M-00008-0,3;
1A-4CC0-E,2009-04-25,Template2,853,2010-04-25,~M-00008-0,3;
1A-4CFV-F,2009-04-25,Template2,854,2010-04-25,~M-00008-0,3;
1A-4XBV-E,2009-04-25,Template2,855,2010-04-25,~M-00008-0,3;
1A-5238-E,2009-04-25,Template2,856,2010-04-25,~M-00008-0,3;
1A-5R72-A,2009-04-25,Template2,857,2010-04-25,~M-00008-0,3;
1A-5T8H-E,2009-04-25,Template2,858,2010-04-25,~M-00008-0,3;
1A-5VF1-A,2009-04-25,Template2,859,2010-04-25,~M-00008-0,3;
1A-5WF4-E,2009-04-25,Template2,860,2010-04-25,~M-00008-0,3;
1A-5ZC1-A,2009-04-25,Template2,861,2010-04-25,~M-00008-0,3;
1A-67B8-E,2009-04-25,Template2,862,2010-04-25,~M-00008-0,3;
1A-6H5X-E,2009-04-25,Template2,863,2010-04-25,~M-00008-0,3;
1A-6KAG-A,2009-04-25,Template2,864,2010-04-25,~M-00008-0,3;
1A-6RK6-B,2009-04-25,Template2,865,2010-04-25,~M-00008-0,3;
1A-7N9Q-A,2009-04-25,Template2,866,2010-04-25,~M-00008-0,3;
1A-7Q35-A,2009-04-25,Template2,867,2010-04-25,~M-00008-0,3;
1A-7Q38-E,2009-04-25,Template2,868,2010-04-25,~M-00008-0,3;
1A-7QB9-E,2009-04-25,Template2,869,2010-04-25,~M-00008-0,3;
1A-A3B7-F,2009-04-25,Template2,870,2010-04-25,~M-00008-0,3;
1A-A3X6-A,2009-04-25,Template2,871,2010-04-25,~M-00008-0,3;
1A-B58X-E,2009-04-25,Template2,872,2010-04-25,~M-00008-0,3;
1A-B693-A,2009-04-25,Template2,873,2010-04-25,~M-00008-0,3;
1A-B6QG-A,2009-04-25,Template2,874,2010-04-25,~M-00008-0,3;
1A-BF8E-A,2009-04-25,Template2,875,2010-04-25,~M-00008-0,3;
1A-BK7E-E,2009-04-25,Template2,876,2010-04-25,~M-00008-0,3;
1A-BRW0-X,2009-04-25,Template2,877,2010-04-25,~M-00008-0,3;
1A-BV1Y-A,2009-04-25,Template2,878,2010-04-25,~M-00008-0,3;
1A-BV1Y-B,2009-04-25,Template2,879,2010-04-25,~M-00008-0,3;
1A-C48E-E,2009-04-25,Template2,880,2010-04-25,~M-00008-0,3;
1A-CN5E-E,2009-04-25,Template2,881,2010-04-25,~M-00008-0,3;
1A-CV7Y-A,2009-04-25,Template2,882,2010-04-25,~M-00008-0,3;
1A-FKGW-E,2009-04-25,Template2,883,2010-04-25,~M-00008-0,3;
1A-FVZG-E,2009-04-25,Template2,884,2010-04-25,~M-00008-0,3;
1A-GCZ2-E,2009-04-25,Template2,885,2010-04-25,~M-00008-0,3;
1A-GKTV-A,2009-04-25,Template2,886,2010-04-25,~M-00008-0,3;
1A-GPV5-E,2009-04-25,Template2,887,2010-04-25,~M-00008-0,3;
1A-GPV5-F,2009-04-25,Template2,888,2010-04-25,~M-00008-0,3;
1A-GQ2E-E,2009-04-25,Template2,889,2010-04-25,~M-00008-0,3;
1A-GX1R-A,2009-04-25,Template2,890,2010-04-25,~M-00008-0,3;
1A-GX1R-B,2009-04-25,Template2,891,2010-04-25,~M-00008-0,3;
1A-GX9X-E,2009-04-25,Template2,892,2010-04-25,~M-00008-0,3;
1A-GXAQ-A,2009-04-25,Template2,893,2010-04-25,~M-00008-0,3;
1A-GXAQ-E,2009-04-25,Template2,894,2010-04-25,~M-00008-0,3;
1A-GXWR-A,2009-04-25,Template2,895,2010-04-25,~M-00008-0,3;
1A-GYHV-A,2009-04-25,Template2,896,2010-04-25,~M-00008-0,3;
1A-GYR4-E,2009-04-25,Template2,897,2010-04-25,~M-00008-0,3;
1A-GYR4-F,2009-04-25,Template2,898,2010-04-25,~M-00008-0,3;
1A-H2Z5-A,2009-04-25,Template2,899,2010-04-25,~M-00008-0,3;
1A-KABE-E,2009-04-25,Template2,900,2010-04-25,~M-00008-0,3;
1A-QBTW-E,2009-04-25,Template2,901,2010-04-25,~M-00008-0,3;
1A-QBTX-E,2009-04-25,Template2,902,2010-04-25,~M-00008-0,3;
1A-QGBH-E,2009-04-25,Template2,903,2010-04-25,~M-00008-0,3;
1A-QGKX-E,2009-04-25,Template2,904,2010-04-25,~M-00008-0,3;
1A-QT3Y-A,2009-04-25,Template2,905,2010-04-25,~M-00008-0,3;
1A-R9AG-E,2009-04-25,Template2,906,2010-04-25,~M-00008-0,3;
1A-RZ53-A,2009-04-25,Template2,907,2010-04-25,~M-00008-0,3;
1A-RZRY-A,2009-04-25,Template2,908,2010-04-25,~M-00008-0,3;
1A-T244-E,2009-04-25,Template2,909,2010-04-25,~M-00008-0,3;
1A-T244-S,2009-04-25,Template2,910,2010-04-25,~M-00008-0,3;
1A-T5CG-S,2009-04-25,Template2,911,2010-04-25,~M-00008-0,3;
1A-T5CH-E,2009-04-25,Template2,912,2010-04-25,~M-00008-0,3;
1A-T5CH-X,2009-04-25,Template2,913,2010-04-25,~M-00008-0,3;
1A-T5K3-A,2009-04-25,Template2,914,2010-04-25,~M-00008-0,3;
1A-T68H-A,2009-04-25,Template2,915,2010-04-25,~M-00008-0,3;
1A-T68H-S,2009-04-25,Template2,916,2010-04-25,~M-00008-0,3;
1A-TTRH-A,2009-04-25,Template2,917,2010-04-25,~M-00008-0,3;
1A-TTVG-A,2009-04-25,Template2,918,2010-04-25,~M-00008-0,3;
1A-TV23-E,2009-04-25,Template2,919,2010-04-25,~M-00008-0,3;
1A-TV38-E,2009-04-25,Template2,920,2010-04-25,~M-00008-0,3;
1A-TV38-F,2009-04-25,Template2,921,2010-04-25,~M-00008-0,3;
1A-TV83-A,2009-04-25,Template2,922,2010-04-25,~M-00008-0,3;
1A-TVG6-A,2009-04-25,Template2,923,2010-04-25,~M-00008-0,3;
1A-TVW5-S,2009-04-25,Template2,924,2010-04-25,~M-00008-0,3;
1A-V525-A,2009-04-25,Template2,925,2010-04-25,~M-00008-0,3;
1A-V526-A,2009-04-25,Template2,926,2010-04-25,~M-00008-0,3;
1A-V539-E,2009-04-25,Template2,927,2010-04-25,~M-00008-0,3;
1A-V6AX-A,2009-04-25,Template2,928,2010-04-25,~M-00008-0,3;
1A-V724-E,2009-04-25,Template2,929,2010-04-25,~M-00008-0,3;
1A-V75Q-A,2009-04-25,Template2,930,2010-04-25,~M-00008-0,3;
1A-V8FG-A,2009-04-25,Template2,931,2010-04-25,~M-00008-0,3;
1A-V8TV-A,2009-04-25,Template2,932,2010-04-25,~M-00008-0,3;
1A-V9GX-E,2009-04-25,Template2,933,2010-04-25,~M-00008-0,3;
1A-VR0Q-A,2009-04-25,Template2,934,2010-04-25,~M-00008-0,3;
1A-VR0Q-E,2009-04-25,Template2,935,2010-04-25,~M-00008-0,3;
1A-VR0Q-F,2009-04-25,Template2,936,2010-04-25,~M-00008-0,3;
1A-VRA9-E,2009-04-25,Template2,937,2010-04-25,~M-00008-0,3;
1A-VRA9-X,2009-04-25,Template2,938,2010-04-25,~M-00008-0,3;
1A-VRV8-E,2009-04-25,Template2,939,2010-04-25,~M-00008-0,3;
1A-WC25-A,2009-04-25,Template2,940,2010-04-25,~M-00008-0,3;
1A-X39G-A,2009-04-25,Template2,941,2010-04-25,~M-00008-0,3;
1A-X3AG-A,2009-04-25,Template2,942,2010-04-25,~M-00008-0,3;
1A-Y467-E,2009-04-25,Template2,943,2010-04-25,~M-00008-0,3;
1A-Y4H4-E,2009-04-25,Template2,944,2010-04-25,~M-00008-0,3;
1A-Y5B0-F,2009-04-25,Template2,945,2010-04-25,~M-00008-0,3;
1A-YT7R-E,2009-04-25,Template2,946,2010-04-25,~M-00008-0,3;
1A-YT7R-S,2009-04-25,Template2,947,2010-04-25,~M-00008-0,3;
1A-ZB5X-E,2009-04-25,Template2,948,2010-04-25,~M-00008-0,3;
1A-ZYNG-A,2009-04-25,Template2,949,2010-04-25,~M-00008-0,3;
1B-0F7T-A,2009-04-25,Template2,950,2010-04-25,~M-00008-0,3;
1B-0F7T-E,2009-04-25,Template2,951,2010-04-25,~M-00008-0,3;
1B-0F7T-F,2009-04-25,Template2,952,2010-04-25,~M-00008-0,3;
1B-0WXX-B,2009-04-25,Template2,953,2010-04-25,~M-00008-0,3;
1B-0XAZ-E,2009-04-25,Template2,954,2010-04-25,~M-00008-0,3;
1B-20BT-A,2009-04-25,Template2,955,2010-04-25,~M-00008-0,3;
1B-25TT-X,2009-04-25,Template2,956,2010-04-25,~M-00008-0,3;
1B-2933-A,2009-04-25,Template2,957,2010-04-25,~M-00008-0,3;
1B-2933-X,2009-04-25,Template2,958,2010-04-25,~M-00008-0,3;
1B-2934-A,2009-04-25,Template2,959,2010-04-25,~M-00008-0,3;
1B-2934-X,2009-04-25,Template2,960,2010-04-25,~M-00008-0,3;
1B-29FX-F,2009-04-25,Template2,961,2010-04-25,~M-00008-0,3;
1B-29V7-A,2009-04-25,Template2,962,2010-04-25,~M-00008-0,3;
1B-29V7-X,2009-04-25,Template2,963,2010-04-25,~M-00008-0,3;
1B-29V8-A,2009-04-25,Template2,964,2010-04-25,~M-00008-0,3;
1B-29V8-X,2009-04-25,Template2,965,2010-04-25,~M-00008-0,3;
1B-2BKW-E,2009-04-25,Template2,966,2010-04-25,~M-00008-0,3;
1B-2K33-A,2009-04-25,Template2,967,2010-04-25,~M-00008-0,3;
1B-2QCR-A,2009-04-25,Template2,968,2010-04-25,~M-00008-0,3;
1B-2RZT-E,2009-04-25,Template2,969,2010-04-25,~M-00008-0,3;
1B-2W04-E,2009-04-25,Template2,970,2010-04-25,~M-00008-0,3;
1B-31AR-A,2009-04-25,Template2,971,2010-04-25,~M-00008-0,3;
1B-31Z6-E,2009-04-25,Template2,972,2010-04-25,~M-00008-0,3;
1B-34F0-A,2009-04-25,Template2,973,2010-04-25,~M-00008-0,3;
1B-39FX-E,2009-04-25,Template2,974,2010-04-25,~M-00008-0,3;
1B-39FX-F,2009-04-25,Template2,975,2010-04-25,~M-00008-0,3;
1B-3C0X-E,2009-04-25,Template2,976,2010-04-25,~M-00008-0,3;
1B-3C1G-A,2009-04-25,Template2,977,2010-04-25,~M-00008-0,3;
1B-3C4Q-A,2009-04-25,Template2,978,2010-04-25,~M-00008-0,3;
1B-3H04-E,2009-04-25,Template2,979,2010-04-25,~M-00008-0,3;
1B-3H06-E,2009-04-25,Template2,980,2010-04-25,~M-00008-0,3;
1B-3H0Z-E,2009-04-25,Template2,981,2010-04-25,~M-00008-0,3;
1B-3HC3-E,2009-04-25,Template2,982,2010-04-25,~M-00008-0,3;
1B-3HX9-E,2009-04-25,Template2,983,2010-04-25,~M-00008-0,3;
1B-3Y36-A,2009-04-25,Template2,984,2010-04-25,~M-00008-0,3;
1B-3Y80-E,2009-04-25,Template2,985,2010-04-25,~M-00008-0,3;
1B-3Y80-F,2009-04-25,Template2,986,2010-04-25,~M-00008-0,3;
1B-3Y8Q-E,2009-04-25,Template2,987,2010-04-25,~M-00008-0,3;
1B-3Y90-A,2009-04-25,Template2,988,2010-04-25,~M-00008-0,3;
1B-422R-A,2009-04-25,Template2,989,2010-04-25,~M-00008-0,3;
1B-422W-A,2009-04-25,Template2,990,2010-04-25,~M-00008-0,3;
1B-422W-B,2009-04-25,Template2,991,2010-04-25,~M-00008-0,3;
1B-46BT-A,2009-04-25,Template2,992,2010-04-25,~M-00008-0,3;
1B-48K9-E,2009-04-25,Template2,993,2010-04-25,~M-00008-0,3;
1B-49CH-E,2009-04-25,Template2,994,2010-04-25,~M-00008-0,3;
1B-49FQ-A,2009-04-25,Template2,995,2010-04-25,~M-00008-0,3;
1B-49H3-A,2009-04-25,Template2,996,2010-04-25,~M-00008-0,3;
1B-49KG-A,2009-04-25,Template2,997,2010-04-25,~M-00008-0,3;
1B-4FNR-A,2009-04-25,Template2,998,2010-04-25,~M-00008-0,3;
1B-4FNV-E,2009-04-25,Template2,999,2010-04-25,~M-00008-0,3;
1B-4FNV-F,2009-04-25,Template2,1000,2010-04-25,~M-00008-0,3;
1B-4FYQ-E,2009-04-25,Template2,1001,2010-04-25,~M-00008-0,3;
1B-4NHY-E,2009-04-25,Template2,1002,2010-04-25,~M-00008-0,3;
1B-4TTR-A,2009-04-25,Template2,1003,2010-04-25,~M-00008-0,3;
1B-4V81-A,2009-04-25,Template2,1004,2010-04-25,~M-00008-0,3;
1B-4V9Q-E,2009-04-25,Template2,1005,2010-04-25,~M-00008-0,3;
1B-4V9Q-F,2009-04-25,Template2,1006,2010-04-25,~M-00008-0,3;
1B-4WQZ-E,2009-04-25,Template2,1007,2010-04-25,~M-00008-0,3;
1B-4WW1-E,2009-04-25,Template2,1008,2010-04-25,~M-00008-0,3;
1B-5013-A,2009-04-25,Template2,1009,2010-04-25,~M-00008-0,3;
1B-50Q1-A,2009-04-25,Template2,1010,2010-04-25,~M-00008-0,3;
1B-50W7-A,2009-04-25,Template2,1011,2010-04-25,~M-00008-0,3;
1B-5126-A,2009-04-25,Template2,1012,2010-04-25,~M-00008-0,3;
1B-5127-A,2009-04-25,Template2,1013,2010-04-25,~M-00008-0,3;
1B-5129-A,2009-04-25,Template2,1014,2010-04-25,~M-00008-0,3;
1B-5199-A,2009-04-25,Template2,1015,2010-04-25,~M-00008-0,3;
1B-5223-A,2009-04-25,Template2,1016,2010-04-25,~M-00008-0,3;
1B-5258-A,2009-04-25,Template2,1017,2010-04-25,~M-00008-0,3;
1B-5258-E,2009-04-25,Template2,1018,2010-04-25,~M-00008-0,3;
1B-52NX-E,2009-04-25,Template2,1019,2010-04-25,~M-00008-0,3;
1B-52NX-F,2009-04-25,Template2,1020,2010-04-25,~M-00008-0,3;
1B-53BX-A,2009-04-25,Template2,1021,2010-04-25,~M-00008-0,3;
1B-53C7-E,2009-04-25,Template2,1022,2010-04-25,~M-00008-0,3;
1B-53K6-E,2009-04-25,Template2,1023,2010-04-25,~M-00008-0,3;
1B-54V6-A,2009-04-25,Template2,1024,2010-04-25,~M-00008-0,3;
1B-55GR-E,2009-04-25,Template2,1025,2010-04-25,~M-00008-0,3;
1B-55Q6-E,2009-04-25,Template2,1026,2010-04-25,~M-00008-0,3;
1B-55VH-A,2009-04-25,Template2,1027,2010-04-25,~M-00008-0,3;
1B-560Z-E,2009-04-25,Template2,1028,2010-04-25,~M-00008-0,3;
1B-5613-A,2009-04-25,Template2,1029,2010-04-25,~M-00008-0,3;
1B-5619-A,2009-04-25,Template2,1030,2010-04-25,~M-00008-0,3;
1B-562H-A,2009-04-25,Template2,1031,2010-04-25,~M-00008-0,3;
1B-562N-A,2009-04-25,Template2,1032,2010-04-25,~M-00008-0,3;
1B-58KN-A,2009-04-25,Template2,1033,2010-04-25,~M-00008-0,3;
1B-58KQ-A,2009-04-25,Template2,1034,2010-04-25,~M-00008-0,3;
1B-58KR-A,2009-04-25,Template2,1035,2010-04-25,~M-00008-0,3;
1B-58NG-E,2009-04-25,Template2,1036,2010-04-25,~M-00008-0,3;
1B-5B0K-A,2009-04-25,Template2,1037,2010-04-25,~M-00008-0,3;
1B-5B0K-X,2009-04-25,Template2,1038,2010-04-25,~M-00008-0,3;
1B-5BZ9-A,2009-04-25,Template2,1039,2010-04-25,~M-00008-0,3;
1B-5BZ9-X,2009-04-25,Template2,1040,2010-04-25,~M-00008-0,3;
1B-5CC2-B,2009-04-25,Template2,1041,2010-04-25,~M-00008-0,3;
1B-5CY9-E,2009-04-25,Template2,1042,2010-04-25,~M-00008-0,3;
1B-5CYV-E,2009-04-25,Template2,1043,2010-04-25,~M-00008-0,3;
1B-5FF5-F,2009-04-25,Template2,1044,2010-04-25,~M-00008-0,3;
1B-5GCT-A,2009-04-25,Template2,1045,2010-04-25,~M-00008-0,3;
1B-5GYZ-E,2009-04-25,Template2,1046,2010-04-25,~M-00008-0,3;
1B-5KNQ-A,2009-04-25,Template2,1047,2010-04-25,~M-00008-0,3;
1B-5N8Y-E,2009-04-25,Template2,1048,2010-04-25,~M-00008-0,3;
1B-5NB4-E,2009-04-25,Template2,1049,2010-04-25,~M-00008-0,3;
1B-5NB4-X,2009-04-25,Template2,1050,2010-04-25,~M-00008-0,3;
1B-5NC6-A,2009-04-25,Template2,1051,2010-04-25,~M-00008-0,3;
1B-5NC6-E,2009-04-25,Template2,1052,2010-04-25,~M-00008-0,3;
1B-5NF5-X,2009-04-25,Template2,1053,2010-04-25,~M-00008-0,3;
1B-5NFR-A,2009-04-25,Template2,1054,2010-04-25,~M-00008-0,3;
1B-5NFR-E,2009-04-25,Template2,1055,2010-04-25,~M-00008-0,3;
1B-5NHG-X,2009-04-25,Template2,1056,2010-04-25,~M-00008-0,3;
1B-5NHH-X,2009-04-25,Template2,1057,2010-04-25,~M-00008-0,3;
1B-5NQG-A,2009-04-25,Template2,1058,2010-04-25,~M-00008-0,3;
1B-5NT6-A,2009-04-25,Template2,1059,2010-04-25,~M-00008-0,3;
1B-5NZW-A,2009-04-25,Template2,1060,2010-04-25,~M-00008-0,3;
1B-5Q7K-E,2009-04-25,Template2,1061,2010-04-25,~M-00008-0,3;
1B-5QH9-A,2009-04-25,Template2,1062,2010-04-25,~M-00008-0,3;
1B-5QPT-A,2009-04-25,Template2,1063,2010-04-25,~M-00008-0,3;
1B-5VAR-A,2009-04-25,Template2,1064,2010-04-25,~M-00008-0,3;
1B-5W06-E,2009-04-25,Template2,1065,2010-04-25,~M-00008-0,3;
1B-5XY8-A,2009-04-25,Template2,1066,2010-04-25,~M-00008-0,3;
1B-5ZB9-A,2009-04-25,Template2,1067,2010-04-25,~M-00008-0,3;
1B-60B3-A,2009-04-25,Template2,1068,2010-04-25,~M-00008-0,3;
1B-60CV-A,2009-04-25,Template2,1069,2010-04-25,~M-00008-0,3;
1B-60N0-A,2009-04-25,Template2,1070,2010-04-25,~M-00008-0,3;
1B-612Z-E,2009-04-25,Template2,1071,2010-04-25,~M-00008-0,3;
1B-618W-A,2009-04-25,Template2,1072,2010-04-25,~M-00008-0,3;
1B-62G6-E,2009-04-25,Template2,1073,2010-04-25,~M-00008-0,3;
1B-66A3-A,2009-04-25,Template2,1074,2010-04-25,~M-00008-0,3;
1B-696W-X,2009-04-25,Template2,1075,2010-04-25,~M-00008-0,3;
1B-6G2Q-E,2009-04-25,Template2,1076,2010-04-25,~M-00008-0,3;
1B-6R70-A,2009-04-25,Template2,1077,2010-04-25,~M-00008-0,3;
1B-6WNZ-A,2009-04-25,Template2,1078,2010-04-25,~M-00008-0,3;
1B-6ZC9-A,2009-04-25,Template2,1079,2010-04-25,~M-00008-0,3;
1B-6ZYX-E,2009-04-25,Template2,1080,2010-04-25,~M-00008-0,3;
1B-781N-A,2009-04-25,Template2,1081,2010-04-25,~M-00008-0,3;
1B-78YK-A,2009-04-25,Template2,1082,2010-04-25,~M-00008-0,3;
1B-7911-A,2009-04-25,Template2,1083,2010-04-25,~M-00008-0,3;
1B-791G-A,2009-04-25,Template2,1084,2010-04-25,~M-00008-0,3;
1B-792T-E,2009-04-25,Template2,1085,2010-04-25,~M-00008-0,3;
1B-7931-A,2009-04-25,Template2,1086,2010-04-25,~M-00008-0,3;
1B-7936-E,2009-04-25,Template2,1087,2010-04-25,~M-00008-0,3;
1B-795Y-E,2009-04-25,Template2,1088,2010-04-25,~M-00008-0,3;
1B-7965-E,2009-04-25,Template2,1089,2010-04-25,~M-00008-0,3;
1B-7965-F,2009-04-25,Template2,1090,2010-04-25,~M-00008-0,3;
1B-797H-E,2009-04-25,Template2,1091,2010-04-25,~M-00008-0,3;
1B-79Q4-A,2009-04-25,Template2,1092,2010-04-25,~M-00008-0,3;
1B-79XQ-X,2009-04-25,Template2,1093,2010-04-25,~M-00008-0,3;
1B-79XW-X,2009-04-25,Template2,1094,2010-04-25,~M-00008-0,3;
1B-79Y5-A,2009-04-25,Template2,1095,2010-04-25,~M-00008-0,3;
1B-79Y6-X,2009-04-25,Template2,1096,2010-04-25,~M-00008-0,3;
1B-7C1Q-E,2009-04-25,Template2,1097,2010-04-25,~M-00008-0,3;
1B-7C2N-E,2009-04-25,Template2,1098,2010-04-25,~M-00008-0,3;
1B-8133-A,2009-04-25,Template2,1099,2010-04-25,~M-00008-0,3;
1B-813K-X,2009-04-25,Template2,1100,2010-04-25,~M-00008-0,3;
1B-82R8-E,2009-04-25,Template2,1101,2010-04-25,~M-00008-0,3;
1B-82R9-E,2009-04-25,Template2,1102,2010-04-25,~M-00008-0,3;
1B-82TG-E,2009-04-25,Template2,1103,2010-04-25,~M-00008-0,3;
1B-82Z3-A,2009-04-25,Template2,1104,2010-04-25,~M-00008-0,3;
1B-82Z3-E,2009-04-25,Template2,1105,2010-04-25,~M-00008-0,3;
1B-830Z-A,2009-04-25,Template2,1106,2010-04-25,~M-00008-0,3;
1B-8432-E,2009-04-25,Template2,1107,2010-04-25,~M-00008-0,3;
1B-8432-F,2009-04-25,Template2,1108,2010-04-25,~M-00008-0,3;
1B-84VX-A,2009-04-25,Template2,1109,2010-04-25,~M-00008-0,3;
1B-84WW-A,2009-04-25,Template2,1110,2010-04-25,~M-00008-0,3;
1B-84XT-X,2009-04-25,Template2,1111,2010-04-25,~M-00008-0,3;
1B-8524-A,2009-04-25,Template2,1112,2010-04-25,~M-00008-0,3;
1B-856W-A,2009-04-25,Template2,1113,2010-04-25,~M-00008-0,3;
1B-858X-A,2009-04-25,Template2,1114,2010-04-25,~M-00008-0,3;
1B-858Y-A,2009-04-25,Template2,1115,2010-04-25,~M-00008-0,3;
1B-86F3-A,2009-04-25,Template2,1116,2010-04-25,~M-00008-0,3;
1B-86W7-E,2009-04-25,Template2,1117,2010-04-25,~M-00008-0,3;
1B-86Y4-A,2009-04-25,Template2,1118,2010-04-25,~M-00008-0,3;
1B-876V-A,2009-04-25,Template2,1119,2010-04-25,~M-00008-0,3;
1B-8788-A,2009-04-25,Template2,1120,2010-04-25,~M-00008-0,3;
1B-878V-E,2009-04-25,Template2,1121,2010-04-25,~M-00008-0,3;
1B-87RH-A,2009-04-25,Template2,1122,2010-04-25,~M-00008-0,3;
1B-881H-A,2009-04-25,Template2,1123,2010-04-25,~M-00008-0,3;
1B-8822-A,2009-04-25,Template2,1124,2010-04-25,~M-00008-0,3;
1B-8824-E,2009-04-25,Template2,1125,2010-04-25,~M-00008-0,3;
1B-885K-A,2009-04-25,Template2,1126,2010-04-25,~M-00008-0,3;
1B-88A2-E,2009-04-25,Template2,1127,2010-04-25,~M-00008-0,3;
1B-88B0-A,2009-04-25,Template2,1128,2010-04-25,~M-00008-0,3;
1B-88B4-A,2009-04-25,Template2,1129,2010-04-25,~M-00008-0,3;
1B-88B4-E,2009-04-25,Template2,1130,2010-04-25,~M-00008-0,3;
1B-88K3-E,2009-04-25,Template2,1131,2010-04-25,~M-00008-0,3;
1B-8A4T-E,2009-04-25,Template2,1132,2010-04-25,~M-00008-0,3;
1B-8AAW-X,2009-04-25,Template2,1133,2010-04-25,~M-00008-0,3;
1B-8ABQ-A,2009-04-25,Template2,1134,2010-04-25,~M-00008-0,3;
1B-8ABY-X,2009-04-25,Template2,1135,2010-04-25,~M-00008-0,3;
1B-8AF4-A,2009-04-25,Template2,1136,2010-04-25,~M-00008-0,3;
1B-8AG9-A,2009-04-25,Template2,1137,2010-04-25,~M-00008-0,3;
1B-8AG9-B,2009-04-25,Template2,1138,2010-04-25,~M-00008-0,3;
1B-8AH1-A,2009-04-25,Template2,1139,2010-04-25,~M-00008-0,3;
1B-8AHQ-A,2009-04-25,Template2,1140,2010-04-25,~M-00008-0,3;
1B-8AHY-A,2009-04-25,Template2,1141,2010-04-25,~M-00008-0,3;
1B-8AKV-A,2009-04-25,Template2,1142,2010-04-25,~M-00008-0,3;
1B-8ANR-A,2009-04-25,Template2,1143,2010-04-25,~M-00008-0,3;
1B-8AR6-A,2009-04-25,Template2,1144,2010-04-25,~M-00008-0,3;
1B-8C9T-A,2009-04-25,Template2,1145,2010-04-25,~M-00008-0,3;
1B-8F0Z-E,2009-04-25,Template2,1146,2010-04-25,~M-00008-0,3;
1B-8F11-X,2009-04-25,Template2,1147,2010-04-25,~M-00008-0,3;
1B-8F1R-A,2009-04-25,Template2,1148,2010-04-25,~M-00008-0,3;
1B-8F3H-A,2009-04-25,Template2,1149,2010-04-25,~M-00008-0,3;
1B-8F47-A,2009-04-25,Template2,1150,2010-04-25,~M-00008-0,3;
1B-8F4G-A,2009-04-25,Template2,1151,2010-04-25,~M-00008-0,3;
1B-8F4Q-E,2009-04-25,Template2,1152,2010-04-25,~M-00008-0,3;
1B-8F5Z-X,2009-04-25,Template2,1153,2010-04-25,~M-00008-0,3;
1B-8F6K-E,2009-04-25,Template2,1154,2010-04-25,~M-00008-0,3;
1B-8FFZ-A,2009-04-25,Template2,1155,2010-04-25,~M-00008-0,3;
1B-8FHY-E,2009-04-25,Template2,1156,2010-04-25,~M-00008-0,3;
1B-8FHY-F,2009-04-25,Template2,1157,2010-04-25,~M-00008-0,3;
1B-8FK9-A,2009-04-25,Template2,1158,2010-04-25,~M-00008-0,3;
1B-8FKW-A,2009-04-25,Template2,1159,2010-04-25,~M-00008-0,3;
1B-8FV1-F,2009-04-25,Template2,1160,2010-04-25,~M-00008-0,3;
1B-8FVY-A,2009-04-25,Template2,1161,2010-04-25,~M-00008-0,3;
1B-8FW9-A,2009-04-25,Template2,1162,2010-04-25,~M-00008-0,3;
1B-8FWN-A,2009-04-25,Template2,1163,2010-04-25,~M-00008-0,3;
1B-8FX0-X,2009-04-25,Template2,1164,2010-04-25,~M-00008-0,3;
1B-8FX5-A,2009-04-25,Template2,1165,2010-04-25,~M-00008-0,3;
1B-8FY7-A,2009-04-25,Template2,1166,2010-04-25,~M-00008-0,3;
1B-8FYY-A,2009-04-25,Template2,1167,2010-04-25,~M-00008-0,3;
1B-8FYY-X,2009-04-25,Template2,1168,2010-04-25,~M-00008-0,3;
1B-8FZ3-A,2009-04-25,Template2,1169,2010-04-25,~M-00008-0,3;
1B-8FZ4-A,2009-04-25,Template2,1170,2010-04-25,~M-00008-0,3;
1B-8FZ9-A,2009-04-25,Template2,1171,2010-04-25,~M-00008-0,3;
1B-8FZZ-A,2009-04-25,Template2,1172,2010-04-25,~M-00008-0,3;
1B-8G09-A,2009-04-25,Template2,1173,2010-04-25,~M-00008-0,3;
1B-8G10-A,2009-04-25,Template2,1174,2010-04-25,~M-00008-0,3;
1B-8GAZ-A,2009-04-25,Template2,1175,2010-04-25,~M-00008-0,3;
1B-8GKH-A,2009-04-25,Template2,1176,2010-04-25,~M-00008-0,3;
1B-8GT8-E,2009-04-25,Template2,1177,2010-04-25,~M-00008-0,3;
1B-8GT8-F,2009-04-25,Template2,1178,2010-04-25,~M-00008-0,3;
1B-8GY2-E,2009-04-25,Template2,1179,2010-04-25,~M-00008-0,3;
1B-8H68-A,2009-04-25,Template2,1180,2010-04-25,~M-00008-0,3;
1B-8H68-E,2009-04-25,Template2,1181,2010-04-25,~M-00008-0,3;
1B-8H7G-E,2009-04-25,Template2,1182,2010-04-25,~M-00008-0,3;
1B-8H7H-A,2009-04-25,Template2,1183,2010-04-25,~M-00008-0,3;
1B-8H7H-E,2009-04-25,Template2,1184,2010-04-25,~M-00008-0,3;
1B-8H7K-A,2009-04-25,Template2,1185,2010-04-25,~M-00008-0,3;
1B-8H7K-E,2009-04-25,Template2,1186,2010-04-25,~M-00008-0,3;
1B-8H7N-A,2009-04-25,Template2,1187,2010-04-25,~M-00008-0,3;
1B-8H7N-E,2009-04-25,Template2,1188,2010-04-25,~M-00008-0,3;
1B-8HKR-A,2009-04-25,Template2,1189,2010-04-25,~M-00008-0,3;
1B-8HQ1-A,2009-04-25,Template2,1190,2010-04-25,~M-00008-0,3;
1B-8HQ5-E,2009-04-25,Template2,1191,2010-04-25,~M-00008-0,3;
1B-8HRG-A,2009-04-25,Template2,1192,2010-04-25,~M-00008-0,3;
1B-8HXH-A,2009-04-25,Template2,1193,2010-04-25,~M-00008-0,3;
1B-8HXV-A,2009-04-25,Template2,1194,2010-04-25,~M-00008-0,3;
1B-8HXX-A,2009-04-25,Template2,1195,2010-04-25,~M-00008-0,3;
1B-8HXY-A,2009-04-25,Template2,1196,2010-04-25,~M-00008-0,3;
1B-8K1R-A,2009-04-25,Template2,1197,2010-04-25,~M-00008-0,3;
1B-8K73-A,2009-04-25,Template2,1198,2010-04-25,~M-00008-0,3;
1B-8Q16-A,2009-04-25,Template2,1199,2010-04-25,~M-00008-0,3;
1B-8Q1N-A,2009-04-25,Template2,1200,2010-04-25,~M-00008-0,3;
1B-8Q25-A,2009-04-25,Template2,1201,2010-04-25,~M-00008-0,3;
1B-8Q26-A,2009-04-25,Template2,1202,2010-04-25,~M-00008-0,3;
1B-8Q48-A,2009-04-25,Template2,1203,2010-04-25,~M-00008-0,3;
1B-8Q7T-A,2009-04-25,Template2,1204,2010-04-25,~M-00008-0,3;
1B-8Q7X-A,2009-04-25,Template2,1205,2010-04-25,~M-00008-0,3;
1B-8QAV-A,2009-04-25,Template2,1206,2010-04-25,~M-00008-0,3;
1B-8QKZ-E,2009-04-25,Template2,1207,2010-04-25,~M-00008-0,3;
1B-8QR2-A,2009-04-25,Template2,1208,2010-04-25,~M-00008-0,3;
1B-8RA7-X,2009-04-25,Template2,1209,2010-04-25,~M-00008-0,3;
1B-8RAQ-A,2009-04-25,Template2,1210,2010-04-25,~M-00008-0,3;
1B-8RAQ-X,2009-04-25,Template2,1211,2010-04-25,~M-00008-0,3;
1B-8RFV-B,2009-04-25,Template2,1212,2010-04-25,~M-00008-0,3;
1B-8RZV-A,2009-04-25,Template2,1213,2010-04-25,~M-00008-0,3;
1B-8W0Q-A,2009-04-25,Template2,1214,2010-04-25,~M-00008-0,3;
1B-8WZQ-A,2009-04-25,Template2,1215,2010-04-25,~M-00008-0,3;
1B-8YR8-E,2009-04-25,Template2,1216,2010-04-25,~M-00008-0,3;
1B-8YVV-A,2009-04-25,Template2,1217,2010-04-25,~M-00008-0,3;
1B-8ZXW-X,2009-04-25,Template2,1218,2010-04-25,~M-00008-0,3;
1B-EAZH-E,2009-04-25,Template2,1219,2010-04-25,~M-00008-0,3;
1B-EB60-E,2009-04-25,Template2,1220,2010-04-25,~M-00008-0,3;
1C-A9Q7-E,2009-04-25,Template2,1221,2010-04-25,~M-00008-0,3;
1C-BQX5-E,2009-04-25,Template2,1222,2010-04-25,~M-00008-0,3;
1C-C26Z-A,2009-04-25,Template2,1223,2010-04-25,~M-00008-0,3;
1C-C28N-A,2009-04-25,Template2,1224,2010-04-25,~M-00008-0,3;
1C-CYFH-E,2009-04-25,Template2,1225,2010-04-25,~M-00008-0,3;
1C-F87Q-A,2009-04-25,Template2,1226,2010-04-25,~M-00008-0,3;
1C-G67Q-E,2009-04-25,Template2,1227,2010-04-25,~M-00008-0,3;
1C-G7G0-E,2009-04-25,Template2,1228,2010-04-25,~M-00008-0,3;
1C-G7G1-E,2009-04-25,Template2,1229,2010-04-25,~M-00008-0,3;
1C-G7G1-F,2009-04-25,Template2,1230,2010-04-25,~M-00008-0,3;
1C-G7T9-A,2009-04-25,Template2,1231,2010-04-25,~M-00008-0,3;
1C-H87Q-A,2009-04-25,Template2,1232,2010-04-25,~M-00008-0,3;
1C-K1XQ-A,2009-04-25,Template2,1233,2010-04-25,~M-00008-0,3;
1C-K39V-A,2009-04-25,Template2,1234,2010-04-25,~M-00008-0,3;
1C-KBB6-A,2009-04-25,Template2,1235,2010-04-25,~M-00008-0,3;
1C-KBB6-E,2009-04-25,Template2,1236,2010-04-25,~M-00008-0,3;
1C-KBRY-A,2009-04-25,Template2,1237,2010-04-25,~M-00008-0,3;
1C-KBRY-E,2009-04-25,Template2,1238,2010-04-25,~M-00008-0,3;
1C-KBRZ-A,2009-04-25,Template2,1239,2010-04-25,~M-00008-0,3;
1C-KBRZ-E,2009-04-25,Template2,1240,2010-04-25,~M-00008-0,3;
1C-KG6Z-A,2009-04-25,Template2,1241,2010-04-25,~M-00008-0,3;
1C-KH26-A,2009-04-25,Template2,1242,2010-04-25,~M-00008-0,3;
1C-KHFV-A,2009-04-25,Template2,1243,2010-04-25,~M-00008-0,3;
1C-KHFV-E,2009-04-25,Template2,1244,2010-04-25,~M-00008-0,3;
1C-KQ0G-A,2009-04-25,Template2,1245,2010-04-25,~M-00008-0,3;
1C-KRA6-E,2009-04-25,Template2,1246,2010-04-25,~M-00008-0,3;
1C-KVQG-A,2009-04-25,Template2,1247,2010-04-25,~M-00008-0,3;
1C-KX55-A,2009-04-25,Template2,1248,2010-04-25,~M-00008-0,3;
1C-N134-A,2009-04-25,Template2,1249,2010-04-25,~M-00008-0,3;
1C-N134-E,2009-04-25,Template2,1250,2010-04-25,~M-00008-0,3;
1C-N9FE-E,2009-04-25,Template2,1251,2010-04-25,~M-00008-0,3;
1C-NAVW-A,2009-04-25,Template2,1252,2010-04-25,~M-00008-0,3;
1C-NTYE-E,2009-04-25,Template2,1253,2010-04-25,~M-00008-0,3;
1C-NZQ1-A,2009-04-25,Template2,1254,2010-04-25,~M-00008-0,3;
1C-Q0B0-E,2009-04-25,Template2,1255,2010-04-25,~M-00008-0,3;
1C-Q3VN-E,2009-04-25,Template2,1256,2010-04-25,~M-00008-0,3;
1C-Q3VN-X,2009-04-25,Template2,1257,2010-04-25,~M-00008-0,3;
1C-Q84W-A,2009-04-25,Template2,1258,2010-04-25,~M-00008-0,3;
1C-QKNK-A,2009-04-25,Template2,1259,2010-04-25,~M-00008-0,3;
1C-QQA9-E,2009-04-25,Template2,1260,2010-04-25,~M-00008-0,3;
1C-QUGU-A,2009-04-25,Template2,1261,2010-04-25,~M-00008-0,3;
1C-QUQ5-X,2009-04-25,Template2,1262,2010-04-25,~M-00008-0,3;
1C-QWD0-A,2009-04-25,Template2,1263,2010-04-25,~M-00008-0,3;
1C-QWDZ-A,2009-04-25,Template2,1264,2010-04-25,~M-00008-0,3;
1C-R0KD-T,2009-04-25,Template2,1265,2010-04-25,~M-00008-0,3;
1C-R1N1-A,2009-04-25,Template2,1266,2010-04-25,~M-00008-0,3;
1C-R1N1-T,2009-04-25,Template2,1267,2010-04-25,~M-00008-0,3;
1C-R1N1-X,2009-04-25,Template2,1268,2010-04-25,~M-00008-0,3;
1C-R3WF-A,2009-04-25,Template2,1269,2010-04-25,~M-00008-0,3;
1C-R9VY-E,2009-04-25,Template2,1270,2010-04-25,~M-00008-0,3;
1C-RA36-A,2009-04-25,Template2,1271,2010-04-25,~M-00008-0,3;
1C-RARP-E,2009-04-25,Template2,1272,2010-04-25,~M-00008-0,3;
1C-RDVP-A,2009-04-25,Template2,1273,2010-04-25,~M-00008-0,3;
1C-RJKJ-A,2009-04-25,Template2,1274,2010-04-25,~M-00008-0,3;
1C-RQ54-E,2009-04-25,Template2,1275,2010-04-25,~M-00008-0,3;
1C-RQVR-A,2009-04-25,Template2,1276,2010-04-25,~M-00008-0,3;
1C-RR8H-S,2009-04-25,Template2,1277,2010-04-25,~M-00008-0,3;
1C-RTL9-A,2009-04-25,Template2,1278,2010-04-25,~M-00008-0,3;
1C-RTRD-A,2009-04-25,Template2,1279,2010-04-25,~M-00008-0,3;
1C-RWF9-E,2009-04-25,Template2,1280,2010-04-25,~M-00008-0,3;
1C-S2LW-X,2009-04-25,Template2,1281,2010-04-25,~M-00008-0,3;
1C-S3QW-E,2009-04-25,Template2,1282,2010-04-25,~M-00008-0,3;
1C-S5R8-A,2009-04-25,Template2,1283,2010-04-25,~M-00008-0,3;
1C-S5TL-A,2009-04-25,Template2,1284,2010-04-25,~M-00008-0,3;
1C-S6B0-A,2009-04-25,Template2,1285,2010-04-25,~M-00008-0,3;
1C-S76H-A,2009-04-25,Template2,1286,2010-04-25,~M-00008-0,3;
1C-S76J-A,2009-04-25,Template2,1287,2010-04-25,~M-00008-0,3;
1C-S98K-A,2009-04-25,Template2,1288,2010-04-25,~M-00008-0,3;
1C-SAJU-A,2009-04-25,Template2,1289,2010-04-25,~M-00008-0,3;
1C-SC16-A,2009-04-25,Template2,1290,2010-04-25,~M-00008-0,3;
1C-SQQV-E,2009-04-25,Template2,1291,2010-04-25,~M-00008-0,3;
1C-SQQV-X,2009-04-25,Template2,1292,2010-04-25,~M-00008-0,3;
1C-SQQW-E,2009-04-25,Template2,1293,2010-04-25,~M-00008-0,3;
1C-SR7W-E,2009-04-25,Template2,1294,2010-04-25,~M-00008-0,3;
1C-SR7W-S,2009-04-25,Template2,1295,2010-04-25,~M-00008-0,3;
1C-SSXS-A,2009-04-25,Template2,1296,2010-04-25,~M-00008-0,3;
1C-SSXU-A,2009-04-25,Template2,1297,2010-04-25,~M-00008-0,3;
1C-SW8D-E,2009-04-25,Template2,1298,2010-04-25,~M-00008-0,3;
1C-SZAZ-A,2009-04-25,Template2,1299,2010-04-25,~M-00008-0,3;
1C-TBRH-E,2009-04-25,Template2,1300,2010-04-25,~M-00008-0,3;
1C-TH22-A,2009-04-25,Template2,1301,2010-04-25,~M-00008-0,3;
1C-TH23-A,2009-04-25,Template2,1302,2010-04-25,~M-00008-0,3;
1C-TH5H-A,2009-04-25,Template2,1303,2010-04-25,~M-00008-0,3;
1C-THWK-A,2009-04-25,Template2,1304,2010-04-25,~M-00008-0,3;
1C-TKHM-A,2009-04-25,Template2,1305,2010-04-25,~M-00008-0,3;
1F-AAA7-B,2009-04-25,Template2,1306,2010-04-25,~M-00008-0,3;
1F-AAAW-F,2009-04-25,Template2,1307,2010-04-25,~M-00008-0,3;
1F-AAC2-B,2009-04-25,Template2,1308,2010-04-25,~M-00008-0,3;
1H-A14N-A,2009-04-25,Template2,1309,2010-04-25,~M-00008-0,3;
1H-A1CY-E,2009-04-25,Template2,1310,2010-04-25,~M-00008-0,3;
1H-A1CZ-E,2009-04-25,Template2,1311,2010-04-25,~M-00008-0,3;
1H-A1G8-E,2009-04-25,Template2,1312,2010-04-25,~M-00008-0,3;
1H-A1KG-X,2009-04-25,Template2,1313,2010-04-25,~M-00008-0,3;
1H-A1KQ-A,2009-04-25,Template2,1314,2010-04-25,~M-00008-0,3;
1H-A1VW-A,2009-04-25,Template2,1315,2010-04-25,~M-00008-0,3;
1H-A2B7-A,2009-04-25,Template2,1316,2010-04-25,~M-00008-0,3;
1H-A2DK-A,2009-04-25,Template2,1317,2010-04-25,~M-00008-0,3;
1H-A2G4-A,2009-04-25,Template2,1318,2010-04-25,~M-00008-0,3;
1H-A2H2-X,2009-04-25,Template2,1319,2010-04-25,~M-00008-0,3;
1H-A31G-E,2009-04-25,Template2,1320,2010-04-25,~M-00008-0,3;
1H-A35Q-E,2009-04-25,Template2,1321,2010-04-25,~M-00008-0,3;
1H-A38H-E,2009-04-25,Template2,1322,2010-04-25,~M-00008-0,3;
1H-A3W9-A,2009-04-25,Template2,1323,2010-04-25,~M-00008-0,3;
1H-A448-X,2009-04-25,Template2,1324,2010-04-25,~M-00008-0,3;
1H-A4VV-E,2009-04-25,Template2,1325,2010-04-25,~M-00008-0,3;
1H-A4VW-A,2009-04-25,Template2,1326,2010-04-25,~M-00008-0,3;
1H-A539-A,2009-04-25,Template2,1327,2010-04-25,~M-00008-0,3;
1H-A576-X,2009-04-25,Template2,1328,2010-04-25,~M-00008-0,3;
1H-A586-A,2009-04-25,Template2,1329,2010-04-25,~M-00008-0,3;
1H-A5T2-E,2009-04-25,Template2,1330,2010-04-25,~M-00008-0,3;
1H-A5WK-E,2009-04-25,Template2,1331,2010-04-25,~M-00008-0,3;
1H-A64Q-A,2009-04-25,Template2,1332,2010-04-25,~M-00008-0,3;
1H-A6R5-A,2009-04-25,Template2,1333,2010-04-25,~M-00008-0,3;
1H-A7G1-A,2009-04-25,Template2,1334,2010-04-25,~M-00008-0,3;
1H-A7K9-A,2009-04-25,Template2,1335,2010-04-25,~M-00008-0,3;
1H-A7N2-A,2009-04-25,Template2,1336,2010-04-25,~M-00008-0,3;
1H-A86T-A,2009-04-25,Template2,1337,2010-04-25,~M-00008-0,3;
1H-A8GN-A,2009-04-25,Template2,1338,2010-04-25,~M-00008-0,3;
1H-A8NV-A,2009-04-25,Template2,1339,2010-04-25,~M-00008-0,3;
1H-A8QH-A,2009-04-25,Template2,1340,2010-04-25,~M-00008-0,3;
1H-A8RQ-A,2009-04-25,Template2,1341,2010-04-25,~M-00008-0,3;
1H-A8XN-E,2009-04-25,Template2,1342,2010-04-25,~M-00008-0,3;
1H-AAHG-A,2009-04-25,Template2,1343,2010-04-25,~M-00008-0,3;
1H-AB3V-X,2009-04-25,Template2,1344,2010-04-25,~M-00008-0,3;
1H-AB47-E,2009-04-25,Template2,1345,2010-04-25,~M-00008-0,3;
1H-AB48-E,2009-04-25,Template2,1346,2010-04-25,~M-00008-0,3;
1H-AB49-E,2009-04-25,Template2,1347,2010-04-25,~M-00008-0,3;
1H-ABH4-A,2009-04-25,Template2,1348,2010-04-25,~M-00008-0,3;
1H-ACHQ-A,2009-04-25,Template2,1349,2010-04-25,~M-00008-0,3;
1H-ACHR-A,2009-04-25,Template2,1350,2010-04-25,~M-00008-0,3;
1H-AD84-E,2009-04-25,Template2,1351,2010-04-25,~M-00008-0,3;
1H-AD8V-A,2009-04-25,Template2,1352,2010-04-25,~M-00008-0,3;
1H-ADDN-E,2009-04-25,Template2,1353,2010-04-25,~M-00008-0,3;
1H-ADDN-X,2009-04-25,Template2,1354,2010-04-25,~M-00008-0,3;
1H-ADDQ-E,2009-04-25,Template2,1355,2010-04-25,~M-00008-0,3;
1H-ADDQ-X,2009-04-25,Template2,1356,2010-04-25,~M-00008-0,3;
1H-ADZ4-A,2009-04-25,Template2,1357,2010-04-25,~M-00008-0,3;
1H-ADZR-A,2009-04-25,Template2,1358,2010-04-25,~M-00008-0,3;
1H-AFHQ-A,2009-04-25,Template2,1359,2010-04-25,~M-00008-0,3;
1H-AFKY-A,2009-04-25,Template2,1360,2010-04-25,~M-00008-0,3;
1H-AFNE-E,2009-04-25,Template2,1361,2010-04-25,~M-00008-0,3;
1H-AH53-E,2009-04-25,Template2,1362,2010-04-25,~M-00008-0,3;
1H-AHDR-A,2009-04-25,Template2,1363,2010-04-25,~M-00008-0,3;
1H-AK0Z-A,2009-04-25,Template2,1364,2010-04-25,~M-00008-0,3;
1H-AK6V-X,2009-04-25,Template2,1365,2010-04-25,~M-00008-0,3;
1H-AKF3-A,2009-04-25,Template2,1366,2010-04-25,~M-00008-0,3;
1H-BA0R-E,2009-04-25,Template2,1367,2010-04-25,~M-00008-0,3;
1H-BA0R-F,2009-04-25,Template2,1368,2010-04-25,~M-00008-0,3;
1H-BA35-A,2009-04-25,Template2,1369,2010-04-25,~M-00008-0,3;
1H-BA36-A,2009-04-25,Template2,1370,2010-04-25,~M-00008-0,3;
1H-BA59-A,2009-04-25,Template2,1371,2010-04-25,~M-00008-0,3;
1H-BA59-E,2009-04-25,Template2,1372,2010-04-25,~M-00008-0,3;
1H-BA5K-A,2009-04-25,Template2,1373,2010-04-25,~M-00008-0,3;
1H-BA8Y-A,2009-04-25,Template2,1374,2010-04-25,~M-00008-0,3;
1H-BA8Y-E,2009-04-25,Template2,1375,2010-04-25,~M-00008-0,3;
1H-BABW-A,2009-04-25,Template2,1376,2010-04-25,~M-00008-0,3;
1H-BAD6-A,2009-04-25,Template2,1377,2010-04-25,~M-00008-0,3;
1H-BAQ2-A,2009-04-25,Template2,1378,2010-04-25,~M-00008-0,3;
1H-BAV2-A,2009-04-25,Template2,1379,2010-04-25,~M-00008-0,3;
1H-BAVK-A,2009-04-25,Template2,1380,2010-04-25,~M-00008-0,3;
1H-BAZT-A,2009-04-25,Template2,1381,2010-04-25,~M-00008-0,3;
1H-BB36-A,2009-04-25,Template2,1382,2010-04-25,~M-00008-0,3;
1H-BB60-X,2009-04-25,Template2,1383,2010-04-25,~M-00008-0,3;
1H-BBCV-A,2009-04-25,Template2,1384,2010-04-25,~M-00008-0,3;
1H-BBX7-E,2009-04-25,Template2,1385,2010-04-25,~M-00008-0,3;
1H-BC0V-E,2009-04-25,Template2,1386,2010-04-25,~M-00008-0,3;
1H-BC8T-E,2009-04-25,Template2,1387,2010-04-25,~M-00008-0,3;
1H-BC8V-E,2009-04-25,Template2,1388,2010-04-25,~M-00008-0,3;
1H-BCA8-A,2009-04-25,Template2,1389,2010-04-25,~M-00008-0,3;
1H-BCCQ-A,2009-04-25,Template2,1390,2010-04-25,~M-00008-0,3;
1H-BCNZ-A,2009-04-25,Template2,1391,2010-04-25,~M-00008-0,3;
1H-BCNZ-E,2009-04-25,Template2,1392,2010-04-25,~M-00008-0,3;
1H-BCNZ-F,2009-04-25,Template2,1393,2010-04-25,~M-00008-0,3;
1H-BCTG-A,2009-04-25,Template2,1394,2010-04-25,~M-00008-0,3;
1H-BCX1-E,2009-04-25,Template2,1395,2010-04-25,~M-00008-0,3;
1H-BCX1-F,2009-04-25,Template2,1396,2010-04-25,~M-00008-0,3;
1H-BCX5-E,2009-04-25,Template2,1397,2010-04-25,~M-00008-0,3;
1H-BD1X-A,2009-04-25,Template2,1398,2010-04-25,~M-00008-0,3;
1H-BD84-A,2009-04-25,Template2,1399,2010-04-25,~M-00008-0,3;
1H-BDNP-A,2009-04-25,Template2,1400,2010-04-25,~M-00008-0,3;
1H-BDT2-A,2009-04-25,Template2,1401,2010-04-25,~M-00008-0,3;
1H-BDT4-A,2009-04-25,Template2,1402,2010-04-25,~M-00008-0,3;
1H-BFKW-E,2009-04-25,Template2,1403,2010-04-25,~M-00008-0,3;
1H-BG5N-E,2009-04-25,Template2,1404,2010-04-25,~M-00008-0,3;
1H-BG5N-F,2009-04-25,Template2,1405,2010-04-25,~M-00008-0,3;
1H-BG7X-A,2009-04-25,Template2,1406,2010-04-25,~M-00008-0,3;
1H-BGGW-X,2009-04-25,Template2,1407,2010-04-25,~M-00008-0,3;
1H-BGRN-A,2009-04-25,Template2,1408,2010-04-25,~M-00008-0,3;
1H-BGT3-E,2009-04-25,Template2,1409,2010-04-25,~M-00008-0,3;
1H-BGXA-A,2009-04-25,Template2,1410,2010-04-25,~M-00008-0,3;
1H-BGXA-X,2009-04-25,Template2,1411,2010-04-25,~M-00008-0,3;
1H-BGYH-A,2009-04-25,Template2,1412,2010-04-25,~M-00008-0,3;
1H-BH5Z-X,2009-04-25,Template2,1413,2010-04-25,~M-00008-0,3;
1H-BH6H-X,2009-04-25,Template2,1414,2010-04-25,~M-00008-0,3;
1H-BHAQ-X,2009-04-25,Template2,1415,2010-04-25,~M-00008-0,3;
1H-BHC5-A,2009-04-25,Template2,1416,2010-04-25,~M-00008-0,3;
1H-BHC5-X,2009-04-25,Template2,1417,2010-04-25,~M-00008-0,3;
1H-BHZT-X,2009-04-25,Template2,1418,2010-04-25,~M-00008-0,3;
1H-BKCY-A,2009-04-25,Template2,1419,2010-04-25,~M-00008-0,3;
1H-BKV6-A,2009-04-25,Template2,1420,2010-04-25,~M-00008-0,3;
1H-BKV7-E,2009-04-25,Template2,1421,2010-04-25,~M-00008-0,3;
1H-BKX2-E,2009-04-25,Template2,1422,2010-04-25,~M-00008-0,3;
26-BS33-A,2009-04-25,Template2,1423,2010-04-25,~M-00008-0,3;
26-XAHZ-A,2009-04-25,Template2,1424,2010-04-25,~M-00008-0,3;
49-5AAG-A,2009-04-25,Template2,1425,2010-04-25,~M-00008-0,3;
49-5AAL-A,2009-04-25,Template2,1426,2010-04-25,~M-00008-0,3;
49-5AMG-A,2009-04-25,Template2,1427,2010-04-25,~M-00008-0,3;
49-5AMG-B,2009-04-25,Template2,1428,2010-04-25,~M-00008-0,3;
4A-0207-A,2009-04-25,Template2,1429,2010-04-25,~M-00008-0,3;
4A-0227-E,2009-04-25,Template2,1430,2010-04-25,~M-00008-0,3;
4A-0641-E,2009-04-25,Template2,1431,2010-04-25,~M-00008-0,3;
4A-0VVR-F,2009-04-25,Template2,1432,2010-04-25,~M-00008-0,3;
4A-11RR-X,2009-04-25,Template2,1433,2010-04-25,~M-00008-0,3;
4A-3H24-E,2009-04-25,Template2,1434,2010-04-25,~M-00008-0,3;
4A-551Z-E,2009-04-25,Template2,1435,2010-04-25,~M-00008-0,3;
4A-552Z-E,2009-04-25,Template2,1436,2010-04-25,~M-00008-0,3;
4A-600T-E,2009-04-25,Template2,1437,2010-04-25,~M-00008-0,3;
4A-61M9-E,2009-04-25,Template2,1438,2010-04-25,~M-00008-0,3;
4A-697V-E,2009-04-25,Template2,1439,2010-04-25,~M-00008-0,3;
4A-966N-E,2009-04-25,Template2,1440,2010-04-25,~M-00008-0,3;
4A-D81R-E,2009-04-25,Template2,1441,2010-04-25,~M-00008-0,3;
4A-Q208-E,2009-04-25,Template2,1442,2010-04-25,~M-00008-0,3;
4A-T314-A,2009-04-25,Template2,1443,2010-04-25,~M-00008-0,3;
4A-U225-E,2009-04-25,Template2,1444,2010-04-25,~M-00008-0,3;
4A-V752-E,2009-04-25,Template2,1445,2010-04-25,~M-00008-0,3;
5F-FBBG-3,2009-04-25,Template2,1446,2010-04-25,~M-00008-0,3;
5F-FF2V-1,2009-04-25,Template2,1447,2010-04-25,~M-00008-0,3;
5F-FFRK-1,2009-04-25,Template2,1448,2010-04-25,~M-00008-0,3;
5F-FFRK-2,2009-04-25,Template2,1449,2010-04-25,~M-00008-0,3;
5F-FHGT-2,2009-04-25,Template2,1450,2010-04-25,~M-00008-0,3;
5F-FK8R-1,2009-04-25,Template2,1451,2010-04-25,~M-00008-0,3;
5F-FNVR-2,2009-04-25,Template2,1452,2010-04-25,~M-00008-0,3;
5F-FTB0-2,2009-04-25,Template2,1453,2010-04-25,~M-00008-0,3;
5F-FTFR-2,2009-04-25,Template2,1454,2010-04-25,~M-00008-0,3;
6X-D4CW-A,2009-04-25,Template2,1455,2010-04-25,~M-00008-0,3;
6X-D4FD-A,2009-04-25,Template2,1456,2010-04-25,~M-00008-0,3;
6X-D59J-A,2009-04-25,Template2,1457,2010-04-25,~M-00008-0,3;
6X-D5C6-A,2009-04-25,Template2,1458,2010-04-25,~M-00008-0,3;
6X-D5ND-A,2009-04-25,Template2,1459,2010-04-25,~M-00008-0,3;
6X-D700-A,2009-04-25,Template2,1460,2010-04-25,~M-00008-0,3;
6X-D7W3-A,2009-04-25,Template2,1461,2010-04-25,~M-00008-0,3;
6X-GB57-X,2009-04-25,Template2,1462,2010-04-25,~M-00008-0,3;
6X-GB58-X,2009-04-25,Template2,1463,2010-04-25,~M-00008-0,3;
6X-GB68-X,2009-04-25,Template2,1464,2010-04-25,~M-00008-0,3;
6X-GB69-X,2009-04-25,Template2,1465,2010-04-25,~M-00008-0,3;
6X-GNC2-A,2009-04-25,Template2,1466,2010-04-25,~M-00008-0,3;
6X-GND0-E,2009-04-25,Template2,1467,2010-04-25,~M-00008-0,3;
6X-GND0-F,2009-04-25,Template2,1468,2010-04-25,~M-00008-0,3;
6X-GND8-E,2009-04-25,Template2,1469,2010-04-25,~M-00008-0,3;
6X-GQLH-A,2009-04-25,Template2,1470,2010-04-25,~M-00008-0,3;
6X-GQWN-E,2009-04-25,Template2,1471,2010-04-25,~M-00008-0,3;
6X-GQWQ-A,2009-04-25,Template2,1472,2010-04-25,~M-00008-0,3;
6X-GQWR-A,2009-04-25,Template2,1473,2010-04-25,~M-00008-0,3;
6X-GRDM-A,2009-04-25,Template2,1474,2010-04-25,~M-00008-0,3;
6X-GWCJ-A,2009-04-25,Template2,1475,2010-04-25,~M-00008-0,3;
6X-GWCJ-X,2009-04-25,Template2,1476,2010-04-25,~M-00008-0,3;
6X-GWCR-A,2009-04-25,Template2,1477,2010-04-25,~M-00008-0,3;
6X-GWNH-A,2009-04-25,Template2,1478,2010-04-25,~M-00008-0,3;
6X-GX4V-A,2009-04-25,Template2,1479,2010-04-25,~M-00008-0,3;
6X-Q1ZN-A,2009-04-25,Template2,1480,2010-04-25,~M-00008-0,3;
6X-Q3DG-A,2009-04-25,Template2,1481,2010-04-25,~M-00008-0,3;
6X-Q6F0-A,2009-04-25,Template2,1482,2010-04-25,~M-00008-0,3;
6X-Q6R4-B,2009-04-25,Template2,1483,2010-04-25,~M-00008-0,3;
6X-Q6T9-A,2009-04-25,Template2,1484,2010-04-25,~M-00008-0,3;
6X-QB14-E,2009-04-25,Template2,1485,2010-04-25,~M-00008-0,3;
6X-QC1M-A,2009-04-25,Template2,1486,2010-04-25,~M-00008-0,3;
6X-QC4G-A,2009-04-25,Template2,1487,2010-04-25,~M-00008-0,3;
6X-QCF2-A,2009-04-25,Template2,1488,2010-04-25,~M-00008-0,3;
6X-QFZ6-A,2009-04-25,Template2,1489,2010-04-25,~M-00008-0,3;
6X-QK1S-A,2009-04-25,Template2,1490,2010-04-25,~M-00008-0,3;
6X-QK68-A,2009-04-25,Template2,1491,2010-04-25,~M-00008-0,3;
6X-QK6X-E,2009-04-25,Template2,1492,2010-04-25,~M-00008-0,3;
6X-QL9R-A,2009-04-25,Template2,1493,2010-04-25,~M-00008-0,3;
6X-QLV2-E,2009-04-25,Template2,1494,2010-04-25,~M-00008-0,3;
6X-R04D-B,2009-04-25,Template2,1495,2010-04-25,~M-00008-0,3;
6X-R3N8-B,2009-04-25,Template2,1496,2010-04-25,~M-00008-0,3;
6X-RBXK-A,2009-04-25,Template2,1497,2010-04-25,~M-00008-0,3;
6X-RBXK-Y,2009-04-25,Template2,1498,2010-04-25,~M-00008-0,3;
6X-TBWZ-E,2009-04-25,Template2,1499,2010-04-25,~M-00008-0,3;
