-- ***********************************
-- Order ID : 10485
-- ***********************************
IF(NOT EXISTS(SELECT 1 FROM B_GDO_ORDER WHERE GDODER_ID = 10485) OR '2020-10-08 09:47:32' >= (SELECT TSTAMP_STATUS FROM B_GDO_ORDER WHERE GDODER_ID = 10485))
BEGIN
BEGIN TRANSACTION

-- B_GDO_ORDER
SET IDENTITY_INSERT B_GDO_ORDER ON
DELETE FROM B_GDO_ORDER WHERE GDODER_ID = 10485
INSERT INTO B_GDO_ORDER ([GDODER_ID], [NO_COMPTE], [SECURITY], [QUANTITY], [EXEC_QUANTITY], [QUANTITY_TYPE], [REQUIREMENT], [PRICE], [EXEC_PRICE], [RATE], [CURRENCY], [PRICE_IA], [PRICE_TYPE], [WIRE_NUMBER], [TYPE], [STATUS], [TSTAMP_EXEC], [EXCHANGE_ID], [ROUTING_ID], [EXP_TYPE], [EXP_DATE], [STOP_TYPE], [STOP_PRICE], [COMMISSION], [USER_CREATE], [TSTAMP_CREATE], [USER_CFO], [TSTAMP_CFO], [CANCEL], [AFTER_HOURS], [SOLICIT], [STOP], [COMM_TYPE], [HOLD_MAIL], [NOTE_TYPE], [COMM_REP_ID], [COMM_IA], [PRO], [PRO_TYPE], [ORDER_SYMBOL], [FIN_INSTRUMENT], [TSTAMP_STATUS], [TYPEOFCOMM], [COVERED], [REP_ID], [NO_REP], [USER_STATUS], [NO_CLIENT], [DISPLAY_ORDER], [PARTIAL], [ALTER_ORDER_NUMBER], [COMMISSION_PERCENTAGE], [OFFSETTING], [SHORT], [TSTAMP_CANCEL], [USER_CANCEL], [BEHALF_CODE], [DESTINATION_CODE], [ORDER_DATE], [VALUE_DATE], [DISCRETIONARY_PRICE], [CODED_TRAILER], [ADJUSTMENT], [COMMISSION_CODE], [GROSS_AMOUNT], [NO_TRANS], [POSTED], [ACC_NAME], [IA_NAME], [SEC_DESC_L1], [SEC_DESC_L2], [CHARAC], [TRADE_TYPE], [SETTLED_DATE], [CLIENT_TRADE_BASIS], [MARKET], [INVENTORY_CODE], [SUPPLEMENTARY_NOTE], [YIELD_ANNUAL], [YIELD_S_ANNUAL], [SECURITY_TO], [DISTRIBUTION], [LOAD_PERCENTAGE], [IS_WASH], [RATE_TYPE], [TSTAMP_VERIFY], [USER_VERIFY], [BLOTTER_DATE], [SUP_ID], [SOURCE_TYPE], [SOURCE_DATA], [EXPORT_DEF_ID], [FRONT_END], [CONTRACT_EXCEPTION], [ICEBERG], [ORIGINAL_ORDER_ID], [TRADER_TYPE], [SUB_SEQ_NUM], [SHORT_SELL], [ANONYMOUS], [SYMBOLTO], [EXCHANGETO_ID], [RATE_INTERNAL_NUMBER], [SECUFIRM], [EXEC_QUANTITY_INTRADAY], [CONTENT_TYPE], [CONTENT_DATA], [PLATFORM_TYPE], [IS_MANUAL_ORDER_HANDLING], [QUANTITY_UNSOLICITED], [SUPPLIER_MARKET], [FACTEUR], [PRINFACT], [AFF_DECIMAL], [AFF_FACT], [ORDER_TYPE]) VALUES (10485, '800228-RE', 1342, 10.000, 0.000, 'Q', 0, 0.00000000, 0.00000000, NULL, 'USD', 0.00000000, '0', 'CF10485', 10, 71, NULL, 195, NULL, 1, '2020-10-08 00:00:00', 0, 0.00000000, 0.00, 0, '2020-10-08 09:30:46', NULL, NULL, 'N', 'N', 'Y', NULL, 'T', NULL, '0', NULL, NULL, 'N', 'N', 'AAPL', 1, '2020-10-08 09:47:32', 20, 0, 40, 'BD88', 150, NULL, 1000, '0', NULL, NULL, NULL, 'N', NULL, NULL, NULL, NULL, '2020-10-08 00:00:00', NULL, NULL, NULL, NULL, NULL, 0.00, NULL, 'N', 'AIL ACHILLE', NULL, 'APPLE INC', 'APPLE INC', NULL, 1, NULL, NULL, NULL, NULL, NULL, NULL, NULL, NULL, NULL, NULL, 'N', NULL, NULL, NULL, NULL, 5, 4, NULL, NULL, NULL, NULL, NULL, NULL, NULL, NULL, NULL, NULL, NULL, NULL, NULL, '033740', NULL, 1, NULL, NULL, NULL, NULL, NULL, 1, 1.00000000, 0, 1, 1)
SET IDENTITY_INSERT B_GDO_ORDER OFF

-- B_GDO_BLOCK_ACCOUNTS

-- B_GDO_MESSAGELOG
SET IDENTITY_INSERT B_GDO_MESSAGELOG ON
DELETE FROM B_GDO_MESSAGELOG WHERE ORDER_ID = 10485
INSERT INTO B_GDO_MESSAGELOG ([MESSAGE_LOG_ID], [ORDER_ID], [STATUS], [USER_NUM], [DATE], [MESSAGE_OLD], [Visibility], [MESSAGE]) VALUES (226632, 10485, 70, 0, '2020-10-08 09:30:46', NULL, 1, '[Single Trade created]. {OrdId:new,Created:UNI00,Src:SingleTrade,Qty:10.000,SecId:1342,Market:NAS,Market}')
INSERT INTO B_GDO_MESSAGELOG ([MESSAGE_LOG_ID], [ORDER_ID], [STATUS], [USER_NUM], [DATE], [MESSAGE_OLD], [Visibility], [MESSAGE]) VALUES (226633, 10485, 70, 0, '2020-10-08 09:30:46', NULL, 0, NULL)
INSERT INTO B_GDO_MESSAGELOG ([MESSAGE_LOG_ID], [ORDER_ID], [STATUS], [USER_NUM], [DATE], [MESSAGE_OLD], [Visibility], [MESSAGE]) VALUES (226638, 10485, 71, 150, '2020-10-08 09:47:32', NULL, 1, '[Deleted]. Id:10485')
INSERT INTO B_GDO_MESSAGELOG ([MESSAGE_LOG_ID], [ORDER_ID], [STATUS], [USER_NUM], [DATE], [MESSAGE_OLD], [Visibility], [MESSAGE]) VALUES (226639, 10485, 71, 150, '2020-10-08 09:47:32', NULL, 0, NULL)
SET IDENTITY_INSERT B_GDO_MESSAGELOG OFF

-- B_GDO_FILL

-- B_GDO_ORDERNOTES

-- B_NOTE

COMMIT TRANSACTION
END

-- ***********************************
-- Order ID : 10486
-- ***********************************
IF(NOT EXISTS(SELECT 1 FROM B_GDO_ORDER WHERE GDODER_ID = 10486) OR '2020-10-08 09:48:28' >= (SELECT TSTAMP_STATUS FROM B_GDO_ORDER WHERE GDODER_ID = 10486))
BEGIN
BEGIN TRANSACTION

-- B_GDO_ORDER
SET IDENTITY_INSERT B_GDO_ORDER ON
DELETE FROM B_GDO_ORDER WHERE GDODER_ID = 10486
INSERT INTO B_GDO_ORDER ([GDODER_ID], [NO_COMPTE], [SECURITY], [QUANTITY], [EXEC_QUANTITY], [QUANTITY_TYPE], [REQUIREMENT], [PRICE], [EXEC_PRICE], [RATE], [CURRENCY], [PRICE_IA], [PRICE_TYPE], [WIRE_NUMBER], [TYPE], [STATUS], [TSTAMP_EXEC], [EXCHANGE_ID], [ROUTING_ID], [EXP_TYPE], [EXP_DATE], [STOP_TYPE], [STOP_PRICE], [COMMISSION], [USER_CREATE], [TSTAMP_CREATE], [USER_CFO], [TSTAMP_CFO], [CANCEL], [AFTER_HOURS], [SOLICIT], [STOP], [COMM_TYPE], [HOLD_MAIL], [NOTE_TYPE], [COMM_REP_ID], [COMM_IA], [PRO], [PRO_TYPE], [ORDER_SYMBOL], [FIN_INSTRUMENT], [TSTAMP_STATUS], [TYPEOFCOMM], [COVERED], [REP_ID], [NO_REP], [USER_STATUS], [NO_CLIENT], [DISPLAY_ORDER], [PARTIAL], [ALTER_ORDER_NUMBER], [COMMISSION_PERCENTAGE], [OFFSETTING], [SHORT], [TSTAMP_CANCEL], [USER_CANCEL], [BEHALF_CODE], [DESTINATION_CODE], [ORDER_DATE], [VALUE_DATE], [DISCRETIONARY_PRICE], [CODED_TRAILER], [ADJUSTMENT], [COMMISSION_CODE], [GROSS_AMOUNT], [NO_TRANS], [POSTED], [ACC_NAME], [IA_NAME], [SEC_DESC_L1], [SEC_DESC_L2], [CHARAC], [TRADE_TYPE], [SETTLED_DATE], [CLIENT_TRADE_BASIS], [MARKET], [INVENTORY_CODE], [SUPPLEMENTARY_NOTE], [YIELD_ANNUAL], [YIELD_S_ANNUAL], [SECURITY_TO], [DISTRIBUTION], [LOAD_PERCENTAGE], [IS_WASH], [RATE_TYPE], [TSTAMP_VERIFY], [USER_VERIFY], [BLOTTER_DATE], [SUP_ID], [SOURCE_TYPE], [SOURCE_DATA], [EXPORT_DEF_ID], [FRONT_END], [CONTRACT_EXCEPTION], [ICEBERG], [ORIGINAL_ORDER_ID], [TRADER_TYPE], [SUB_SEQ_NUM], [SHORT_SELL], [ANONYMOUS], [SYMBOLTO], [EXCHANGETO_ID], [RATE_INTERNAL_NUMBER], [SECUFIRM], [EXEC_QUANTITY_INTRADAY], [CONTENT_TYPE], [CONTENT_DATA], [PLATFORM_TYPE], [IS_MANUAL_ORDER_HANDLING], [QUANTITY_UNSOLICITED], [SUPPLIER_MARKET], [FACTEUR], [PRINFACT], [AFF_DECIMAL], [AFF_FACT], [ORDER_TYPE]) VALUES (10486, 'USD_ACCOUNT', 1342, 30.000, 0.000, 'Q', 0, 0.00000000, 0.00000000, NULL, 'USD', 0.00000000, '0', 'CF10486', 10, 70, NULL, 195, NULL, 1, '2020-10-08 00:00:00', 0, 0.00000000, 0.00, 150, '2020-10-08 09:48:28', NULL, NULL, 'N', 'N', 'Y', NULL, 'T', NULL, '0', NULL, NULL, 'N', 'N', 'AAPL', 1, '2020-10-08 09:48:28', 10, 0, 13, 'AC42', 150, NULL, 999, '0', NULL, NULL, NULL, 'N', NULL, NULL, NULL, NULL, '2020-10-08 00:00:00', NULL, NULL, NULL, NULL, NULL, 0.00, NULL, 'N', NULL, NULL, 'APPLE INC', 'APPLE INC', NULL, 2, NULL, NULL, NULL, NULL, NULL, NULL, NULL, NULL, NULL, NULL, 'N', NULL, NULL, NULL, NULL, 5, 3, NULL, NULL, NULL, NULL, NULL, NULL, NULL, NULL, NULL, NULL, NULL, NULL, NULL, '033740', NULL, 1, NULL, NULL, NULL, NULL, NULL, 1, 1.00000000, 0, 1, 1)
SET IDENTITY_INSERT B_GDO_ORDER OFF

-- B_GDO_BLOCK_ACCOUNTS
DELETE FROM B_GDO_BLOCK_ACCOUNTS WHERE GDODER_ID = 10486
INSERT INTO B_GDO_BLOCK_ACCOUNTS ([NO_COMPTE], [ACC_NAME], [QTY_ALLOCATED], [VALUE_ALLOCATED], [QTY_NEEDED], [GDODER_ID], [QTY_ALLOCATED_PHASE_ONE], [SOURCE_TYPE], [SOURCE_DATA], [QTY_ALLOCATED_INTRADAY], [REP_ID]) VALUES ('800066-GT', 'APPEL BERVERLY', 0.000000, NULL, 10.000000, 10486, NULL, 3, NULL, NULL, 13)
INSERT INTO B_GDO_BLOCK_ACCOUNTS ([NO_COMPTE], [ACC_NAME], [QTY_ALLOCATED], [VALUE_ALLOCATED], [QTY_NEEDED], [GDODER_ID], [QTY_ALLOCATED_PHASE_ONE], [SOURCE_TYPE], [SOURCE_DATA], [QTY_ALLOCATED_INTRADAY], [REP_ID]) VALUES ('800228-RE', 'AIL ACHILLE', 0.000000, NULL, 10.000000, 10486, NULL, 3, NULL, NULL, 40)
INSERT INTO B_GDO_BLOCK_ACCOUNTS ([NO_COMPTE], [ACC_NAME], [QTY_ALLOCATED], [VALUE_ALLOCATED], [QTY_NEEDED], [GDODER_ID], [QTY_ALLOCATED_PHASE_ONE], [SOURCE_TYPE], [SOURCE_DATA], [QTY_ALLOCATED_INTRADAY], [REP_ID]) VALUES ('800241-FS', 'ALARY ANNY', 0.000000, NULL, 10.000000, 10486, NULL, 3, NULL, NULL, 18)

-- B_GDO_MESSAGELOG
SET IDENTITY_INSERT B_GDO_MESSAGELOG ON
DELETE FROM B_GDO_MESSAGELOG WHERE ORDER_ID = 10486
INSERT INTO B_GDO_MESSAGELOG ([MESSAGE_LOG_ID], [ORDER_ID], [STATUS], [USER_NUM], [DATE], [MESSAGE_OLD], [Visibility], [MESSAGE]) VALUES (226640, 10486, 70, 150, '2020-10-08 09:48:28', NULL, 1, '[Order created via switch](10:TotalQuantity,Price:203.075). {OrdId:new,Created:GP1859,Src:Switch,Qty:30.000,SecId:1342,Market:NAS,Market}')
INSERT INTO B_GDO_MESSAGELOG ([MESSAGE_LOG_ID], [ORDER_ID], [STATUS], [USER_NUM], [DATE], [MESSAGE_OLD], [Visibility], [MESSAGE]) VALUES (226641, 10486, 70, 150, '2020-10-08 09:48:28', NULL, 0, NULL)
SET IDENTITY_INSERT B_GDO_MESSAGELOG OFF

-- B_GDO_FILL

-- B_GDO_ORDERNOTES

-- B_NOTE

COMMIT TRANSACTION
END

-- ***********************************
-- Order ID : 10489
-- ***********************************
IF(NOT EXISTS(SELECT 1 FROM B_GDO_ORDER WHERE GDODER_ID = 10489) OR '2020-10-08 12:18:36' >= (SELECT TSTAMP_STATUS FROM B_GDO_ORDER WHERE GDODER_ID = 10489))
BEGIN
BEGIN TRANSACTION

-- B_GDO_ORDER
SET IDENTITY_INSERT B_GDO_ORDER ON
DELETE FROM B_GDO_ORDER WHERE GDODER_ID = 10489
INSERT INTO B_GDO_ORDER ([GDODER_ID], [NO_COMPTE], [SECURITY], [QUANTITY], [EXEC_QUANTITY], [QUANTITY_TYPE], [REQUIREMENT], [PRICE], [EXEC_PRICE], [RATE], [CURRENCY], [PRICE_IA], [PRICE_TYPE], [WIRE_NUMBER], [TYPE], [STATUS], [TSTAMP_EXEC], [EXCHANGE_ID], [ROUTING_ID], [EXP_TYPE], [EXP_DATE], [STOP_TYPE], [STOP_PRICE], [COMMISSION], [USER_CREATE], [TSTAMP_CREATE], [USER_CFO], [TSTAMP_CFO], [CANCEL], [AFTER_HOURS], [SOLICIT], [STOP], [COMM_TYPE], [HOLD_MAIL], [NOTE_TYPE], [COMM_REP_ID], [COMM_IA], [PRO], [PRO_TYPE], [ORDER_SYMBOL], [FIN_INSTRUMENT], [TSTAMP_STATUS], [TYPEOFCOMM], [COVERED], [REP_ID], [NO_REP], [USER_STATUS], [NO_CLIENT], [DISPLAY_ORDER], [PARTIAL], [ALTER_ORDER_NUMBER], [COMMISSION_PERCENTAGE], [OFFSETTING], [SHORT], [TSTAMP_CANCEL], [USER_CANCEL], [BEHALF_CODE], [DESTINATION_CODE], [ORDER_DATE], [VALUE_DATE], [DISCRETIONARY_PRICE], [CODED_TRAILER], [ADJUSTMENT], [COMMISSION_CODE], [GROSS_AMOUNT], [NO_TRANS], [POSTED], [ACC_NAME], [IA_NAME], [SEC_DESC_L1], [SEC_DESC_L2], [CHARAC], [TRADE_TYPE], [SETTLED_DATE], [CLIENT_TRADE_BASIS], [MARKET], [INVENTORY_CODE], [SUPPLEMENTARY_NOTE], [YIELD_ANNUAL], [YIELD_S_ANNUAL], [SECURITY_TO], [DISTRIBUTION], [LOAD_PERCENTAGE], [IS_WASH], [RATE_TYPE], [TSTAMP_VERIFY], [USER_VERIFY], [BLOTTER_DATE], [SUP_ID], [SOURCE_TYPE], [SOURCE_DATA], [EXPORT_DEF_ID], [FRONT_END], [CONTRACT_EXCEPTION], [ICEBERG], [ORIGINAL_ORDER_ID], [TRADER_TYPE], [SUB_SEQ_NUM], [SHORT_SELL], [ANONYMOUS], [SYMBOLTO], [EXCHANGETO_ID], [RATE_INTERNAL_NUMBER], [SECUFIRM], [EXEC_QUANTITY_INTRADAY], [CONTENT_TYPE], [CONTENT_DATA], [PLATFORM_TYPE], [IS_MANUAL_ORDER_HANDLING], [QUANTITY_UNSOLICITED], [SUPPLIER_MARKET], [FACTEUR], [PRINFACT], [AFF_DECIMAL], [AFF_FACT], [ORDER_TYPE]) VALUES (10489, 'USD_ACCOUNT', 4348, 103.000, 0.000, 'Q', 0, 0.00000000, 0.00000000, 0.00000000, 'USD', 0.00000000, '0', 'CROESUS1_10489', 10, 10, NULL, 195, NULL, 1, '2020-10-08 00:00:00', 0, 0.00000000, 0.00, 0, '2020-10-08 12:08:50', NULL, NULL, 'N', 'N', 'Y', NULL, 'T', NULL, '0', NULL, NULL, 'N', 'N', 'MSFT', 1, '2020-10-08 12:18:36', 20, 0, 13, 'AC42', 0, NULL, 5, '0', NULL, NULL, NULL, 'N', NULL, NULL, NULL, NULL, '2020-10-08 00:00:00', NULL, NULL, NULL, NULL, NULL, 0.00, NULL, 'N', NULL, NULL, 'MICROSOFT CORP', 'MICROSOFT CORP', NULL, 2, NULL, NULL, NULL, NULL, NULL, NULL, NULL, NULL, NULL, NULL, 'N', NULL, '2020-10-08 12:18:35', 0, '2020-10-08 00:00:00', 5, 4, NULL, NULL, NULL, NULL, NULL, NULL, NULL, NULL, NULL, NULL, NULL, NULL, NULL, '437843', NULL, 1, NULL, NULL, NULL, NULL, NULL, 1, 1.00000000, 0, NULL, 1)
SET IDENTITY_INSERT B_GDO_ORDER OFF

-- B_GDO_BLOCK_ACCOUNTS
DELETE FROM B_GDO_BLOCK_ACCOUNTS WHERE GDODER_ID = 10489
INSERT INTO B_GDO_BLOCK_ACCOUNTS ([NO_COMPTE], [ACC_NAME], [QTY_ALLOCATED], [VALUE_ALLOCATED], [QTY_NEEDED], [GDODER_ID], [QTY_ALLOCATED_PHASE_ONE], [SOURCE_TYPE], [SOURCE_DATA], [QTY_ALLOCATED_INTRADAY], [REP_ID]) VALUES ('800207-JW', 'BLOOMFIELD BLUMA', 0.000000, NULL, 103.000000, 10489, NULL, 4, NULL, NULL, 13)

-- B_GDO_MESSAGELOG
SET IDENTITY_INSERT B_GDO_MESSAGELOG ON
DELETE FROM B_GDO_MESSAGELOG WHERE ORDER_ID = 10489
INSERT INTO B_GDO_MESSAGELOG ([MESSAGE_LOG_ID], [ORDER_ID], [STATUS], [USER_NUM], [DATE], [MESSAGE_OLD], [Visibility], [MESSAGE]) VALUES (226646, 10489, 70, 0, '2020-10-08 12:18:34', NULL, 1, '[Converted to block trade]. {OrdId:10489,Created:UNI00,Src:SingleTrade,Qty:103,000,SecId:4348,Market:NAS,Market}')
INSERT INTO B_GDO_MESSAGELOG ([MESSAGE_LOG_ID], [ORDER_ID], [STATUS], [USER_NUM], [DATE], [MESSAGE_OLD], [Visibility], [MESSAGE]) VALUES (226647, 10489, 70, 0, '2020-10-08 12:18:34', NULL, 1, '[Order saved]. {OrdId:10489,Created:UNI00,Src:SingleTrade,Qty:103,000,SecId:4348,Market:NAS,Market}')
INSERT INTO B_GDO_MESSAGELOG ([MESSAGE_LOG_ID], [ORDER_ID], [STATUS], [USER_NUM], [DATE], [MESSAGE_OLD], [Visibility], [MESSAGE]) VALUES (226664, 10489, 130, 0, '2020-10-08 12:18:35', NULL, 1, '[Order pending approval]. original status: Saved')
INSERT INTO B_GDO_MESSAGELOG ([MESSAGE_LOG_ID], [ORDER_ID], [STATUS], [USER_NUM], [DATE], [MESSAGE_OLD], [Visibility], [MESSAGE]) VALUES (226665, 10489, 130, 0, '2020-10-08 12:18:35', NULL, 0, NULL)
INSERT INTO B_GDO_MESSAGELOG ([MESSAGE_LOG_ID], [ORDER_ID], [STATUS], [USER_NUM], [DATE], [MESSAGE_OLD], [Visibility], [MESSAGE]) VALUES (226677, 10489, 10, 0, '2020-10-08 12:18:36', NULL, 0, NULL)
SET IDENTITY_INSERT B_GDO_MESSAGELOG OFF

-- B_GDO_FILL

-- B_GDO_ORDERNOTES
DELETE FROM B_GDO_ORDERNOTES WHERE GDODER_ID = 10489
INSERT INTO B_GDO_ORDERNOTES ([GDODER_ID], [NOTE_ID], [NOTE_TYPE], [TIME_STAMP]) VALUES (10489, 4351, 8, NULL)
INSERT INTO B_GDO_ORDERNOTES ([GDODER_ID], [NOTE_ID], [NOTE_TYPE], [TIME_STAMP]) VALUES (10489, 4359, 101, NULL)
INSERT INTO B_GDO_ORDERNOTES ([GDODER_ID], [NOTE_ID], [NOTE_TYPE], [TIME_STAMP]) VALUES (10489, 4361, 102, NULL)

-- B_NOTE
SET IDENTITY_INSERT B_NOTE ON
DELETE FROM B_NOTE WHERE NOTE_ID = 4351
INSERT INTO B_NOTE ([NOTE_ID], [COMMNOTE], [USER_NUM], [DATE_CREAT], [DATE_MAJ], [IS_REVIEW], [EFFECTIVE_DATE]) VALUES (4351, '??A', NULL, NULL, NULL, NULL, NULL)
DELETE FROM B_NOTE WHERE NOTE_ID = 4359
INSERT INTO B_NOTE ([NOTE_ID], [COMMNOTE], [USER_NUM], [DATE_CREAT], [DATE_MAJ], [IS_REVIEW], [EFFECTIVE_DATE]) VALUES (4359, '''3''', NULL, NULL, NULL, NULL, NULL)
DELETE FROM B_NOTE WHERE NOTE_ID = 4361
INSERT INTO B_NOTE ([NOTE_ID], [COMMNOTE], [USER_NUM], [DATE_CREAT], [DATE_MAJ], [IS_REVIEW], [EFFECTIVE_DATE]) VALUES (4361, '
8.FIX.4.2_SOH_9.214_SOH_35.D_SOH_34.1464_SOH_49.CROESUS_SOH_50.UNI00_SOH_52.20201008-16:18:35.967_SOH_56.NBFG_SOH_1.USD_ACCOUNT_SOH_11.CROESUS1_10489_SOH_15.USD_SOH_18.5_SOH_21.3_SOH_22.1_SOH_38.103_SOH_40.1_SOH_47.A_SOH_48.594918104_SOH_54.1_SOH_55.MSFT_SOH_58.??A_SOH_59.0_SOH_60.20201008-16:18:35.966_SOH_207.O_SOH_6750.CL_SOH_10.065_SOH_', NULL, NULL, NULL, NULL, NULL)
SET IDENTITY_INSERT B_NOTE OFF

COMMIT TRANSACTION
END

-- ***********************************
-- Order ID : 10492
-- ***********************************
IF(NOT EXISTS(SELECT 1 FROM B_GDO_ORDER WHERE GDODER_ID = 10492) OR '2020-10-08 12:18:36' >= (SELECT TSTAMP_STATUS FROM B_GDO_ORDER WHERE GDODER_ID = 10492))
BEGIN
BEGIN TRANSACTION

-- B_GDO_ORDER
SET IDENTITY_INSERT B_GDO_ORDER ON
DELETE FROM B_GDO_ORDER WHERE GDODER_ID = 10492
INSERT INTO B_GDO_ORDER ([GDODER_ID], [NO_COMPTE], [SECURITY], [QUANTITY], [EXEC_QUANTITY], [QUANTITY_TYPE], [REQUIREMENT], [PRICE], [EXEC_PRICE], [RATE], [CURRENCY], [PRICE_IA], [PRICE_TYPE], [WIRE_NUMBER], [TYPE], [STATUS], [TSTAMP_EXEC], [EXCHANGE_ID], [ROUTING_ID], [EXP_TYPE], [EXP_DATE], [STOP_TYPE], [STOP_PRICE], [COMMISSION], [USER_CREATE], [TSTAMP_CREATE], [USER_CFO], [TSTAMP_CFO], [CANCEL], [AFTER_HOURS], [SOLICIT], [STOP], [COMM_TYPE], [HOLD_MAIL], [NOTE_TYPE], [COMM_REP_ID], [COMM_IA], [PRO], [PRO_TYPE], [ORDER_SYMBOL], [FIN_INSTRUMENT], [TSTAMP_STATUS], [TYPEOFCOMM], [COVERED], [REP_ID], [NO_REP], [USER_STATUS], [NO_CLIENT], [DISPLAY_ORDER], [PARTIAL], [ALTER_ORDER_NUMBER], [COMMISSION_PERCENTAGE], [OFFSETTING], [SHORT], [TSTAMP_CANCEL], [USER_CANCEL], [BEHALF_CODE], [DESTINATION_CODE], [ORDER_DATE], [VALUE_DATE], [DISCRETIONARY_PRICE], [CODED_TRAILER], [ADJUSTMENT], [COMMISSION_CODE], [GROSS_AMOUNT], [NO_TRANS], [POSTED], [ACC_NAME], [IA_NAME], [SEC_DESC_L1], [SEC_DESC_L2], [CHARAC], [TRADE_TYPE], [SETTLED_DATE], [CLIENT_TRADE_BASIS], [MARKET], [INVENTORY_CODE], [SUPPLEMENTARY_NOTE], [YIELD_ANNUAL], [YIELD_S_ANNUAL], [SECURITY_TO], [DISTRIBUTION], [LOAD_PERCENTAGE], [IS_WASH], [RATE_TYPE], [TSTAMP_VERIFY], [USER_VERIFY], [BLOTTER_DATE], [SUP_ID], [SOURCE_TYPE], [SOURCE_DATA], [EXPORT_DEF_ID], [FRONT_END], [CONTRACT_EXCEPTION], [ICEBERG], [ORIGINAL_ORDER_ID], [TRADER_TYPE], [SUB_SEQ_NUM], [SHORT_SELL], [ANONYMOUS], [SYMBOLTO], [EXCHANGETO_ID], [RATE_INTERNAL_NUMBER], [SECUFIRM], [EXEC_QUANTITY_INTRADAY], [CONTENT_TYPE], [CONTENT_DATA], [PLATFORM_TYPE], [IS_MANUAL_ORDER_HANDLING], [QUANTITY_UNSOLICITED], [SUPPLIER_MARKET], [FACTEUR], [PRINFACT], [AFF_DECIMAL], [AFF_FACT], [ORDER_TYPE]) VALUES (10492, 'USD_ACCOUNT', 4348, 106.000, 0.000, 'Q', 0, 0.00000000, 0.00000000, 0.00000000, 'USD', 0.00000000, '0', 'CF10492', 10, 30, NULL, 195, NULL, 1, '2020-10-08 00:00:00', 0, 0.00000000, 0.00, 0, '2020-10-08 12:08:50', NULL, NULL, 'N', 'N', 'Y', NULL, 'T', NULL, '0', NULL, NULL, 'N', 'N', 'MSFT', 1, '2020-10-08 12:18:36', 20, 0, 13, 'AC42', 0, NULL, 25, '0', NULL, NULL, NULL, 'N', NULL, NULL, NULL, NULL, '2020-10-08 00:00:00', NULL, NULL, NULL, NULL, NULL, 0.00, NULL, 'N', NULL, NULL, 'MICROSOFT CORP', 'MICROSOFT CORP', NULL, 2, NULL, NULL, NULL, NULL, NULL, NULL, NULL, NULL, NULL, NULL, 'N', NULL, '2020-10-08 12:18:36', 0, '2020-10-08 00:00:00', 5, 4, NULL, NULL, NULL, NULL, NULL, NULL, NULL, NULL, NULL, NULL, NULL, NULL, NULL, '437843', NULL, 1, NULL, NULL, NULL, NULL, NULL, 1, 1.00000000, 0, NULL, 1)
SET IDENTITY_INSERT B_GDO_ORDER OFF

-- B_GDO_BLOCK_ACCOUNTS
DELETE FROM B_GDO_BLOCK_ACCOUNTS WHERE GDODER_ID = 10492
INSERT INTO B_GDO_BLOCK_ACCOUNTS ([NO_COMPTE], [ACC_NAME], [QTY_ALLOCATED], [VALUE_ALLOCATED], [QTY_NEEDED], [GDODER_ID], [QTY_ALLOCATED_PHASE_ONE], [SOURCE_TYPE], [SOURCE_DATA], [QTY_ALLOCATED_INTRADAY], [REP_ID]) VALUES ('800207-JW', 'BLOOMFIELD BLUMA', 0.000000, NULL, 106.000000, 10492, NULL, 4, NULL, NULL, 13)

-- B_GDO_MESSAGELOG
SET IDENTITY_INSERT B_GDO_MESSAGELOG ON
DELETE FROM B_GDO_MESSAGELOG WHERE ORDER_ID = 10492
INSERT INTO B_GDO_MESSAGELOG ([MESSAGE_LOG_ID], [ORDER_ID], [STATUS], [USER_NUM], [DATE], [MESSAGE_OLD], [Visibility], [MESSAGE]) VALUES (226652, 10492, 70, 0, '2020-10-08 12:18:34', NULL, 1, '[Converted to block trade]. {OrdId:10492,Created:UNI00,Src:SingleTrade,Qty:106,000,SecId:4348,Market:NAS,Market}')
INSERT INTO B_GDO_MESSAGELOG ([MESSAGE_LOG_ID], [ORDER_ID], [STATUS], [USER_NUM], [DATE], [MESSAGE_OLD], [Visibility], [MESSAGE]) VALUES (226653, 10492, 70, 0, '2020-10-08 12:18:34', NULL, 1, '[Order saved]. {OrdId:10492,Created:UNI00,Src:SingleTrade,Qty:106,000,SecId:4348,Market:NAS,Market}')
INSERT INTO B_GDO_MESSAGELOG ([MESSAGE_LOG_ID], [ORDER_ID], [STATUS], [USER_NUM], [DATE], [MESSAGE_OLD], [Visibility], [MESSAGE]) VALUES (226670, 10492, 130, 0, '2020-10-08 12:18:36', NULL, 1, '[Order pending approval]. original status: Saved')
INSERT INTO B_GDO_MESSAGELOG ([MESSAGE_LOG_ID], [ORDER_ID], [STATUS], [USER_NUM], [DATE], [MESSAGE_OLD], [Visibility], [MESSAGE]) VALUES (226671, 10492, 130, 0, '2020-10-08 12:18:36', NULL, 0, NULL)
INSERT INTO B_GDO_MESSAGELOG ([MESSAGE_LOG_ID], [ORDER_ID], [STATUS], [USER_NUM], [DATE], [MESSAGE_OLD], [Visibility], [MESSAGE]) VALUES (226682, 10492, 30, 0, '2020-10-08 12:18:36', NULL, 1, '[Rejected by Automatic](Cannot find currency ''USD''). ord Status:Rejected')
INSERT INTO B_GDO_MESSAGELOG ([MESSAGE_LOG_ID], [ORDER_ID], [STATUS], [USER_NUM], [DATE], [MESSAGE_OLD], [Visibility], [MESSAGE]) VALUES (226683, 10492, 30, 0, '2020-10-08 12:18:36', NULL, 0, 'Cannot find currency ''USD''')
SET IDENTITY_INSERT B_GDO_MESSAGELOG OFF

-- B_GDO_FILL

-- B_GDO_ORDERNOTES
DELETE FROM B_GDO_ORDERNOTES WHERE GDODER_ID = 10492
INSERT INTO B_GDO_ORDERNOTES ([GDODER_ID], [NOTE_ID], [NOTE_TYPE], [TIME_STAMP]) VALUES (10492, 4354, 8, NULL)
INSERT INTO B_GDO_ORDERNOTES ([GDODER_ID], [NOTE_ID], [NOTE_TYPE], [TIME_STAMP]) VALUES (10492, 4366, 101, NULL)
INSERT INTO B_GDO_ORDERNOTES ([GDODER_ID], [NOTE_ID], [NOTE_TYPE], [TIME_STAMP]) VALUES (10492, 4367, 102, NULL)

-- B_NOTE
SET IDENTITY_INSERT B_NOTE ON
DELETE FROM B_NOTE WHERE NOTE_ID = 4354
INSERT INTO B_NOTE ([NOTE_ID], [COMMNOTE], [USER_NUM], [DATE_CREAT], [DATE_MAJ], [IS_REVIEW], [EFFECTIVE_DATE]) VALUES (4354, '??R(1)', NULL, NULL, NULL, NULL, NULL)
DELETE FROM B_NOTE WHERE NOTE_ID = 4366
INSERT INTO B_NOTE ([NOTE_ID], [COMMNOTE], [USER_NUM], [DATE_CREAT], [DATE_MAJ], [IS_REVIEW], [EFFECTIVE_DATE]) VALUES (4366, '''8''', NULL, NULL, NULL, NULL, NULL)
DELETE FROM B_NOTE WHERE NOTE_ID = 4367
INSERT INTO B_NOTE ([NOTE_ID], [COMMNOTE], [USER_NUM], [DATE_CREAT], [DATE_MAJ], [IS_REVIEW], [EFFECTIVE_DATE]) VALUES (4367, '
8.FIX.4.2_SOH_9.217_SOH_35.D_SOH_34.1467_SOH_49.CROESUS_SOH_50.UNI00_SOH_52.20201008-16:18:36.126_SOH_56.NBFG_SOH_1.USD_ACCOUNT_SOH_11.CROESUS1_10492_SOH_15.USD_SOH_18.5_SOH_21.3_SOH_22.1_SOH_38.106_SOH_40.1_SOH_47.A_SOH_48.594918104_SOH_54.1_SOH_55.MSFT_SOH_58.??R(1)_SOH_59.0_SOH_60.20201008-16:18:36.125_SOH_207.O_SOH_6750.CL_SOH_10.191_SOH_', NULL, NULL, NULL, NULL, NULL)
SET IDENTITY_INSERT B_NOTE OFF

COMMIT TRANSACTION
END

-- ***********************************
-- Order ID : 10487
-- ***********************************
IF(NOT EXISTS(SELECT 1 FROM B_GDO_ORDER WHERE GDODER_ID = 10487) OR '2020-10-08 12:18:36' >= (SELECT TSTAMP_STATUS FROM B_GDO_ORDER WHERE GDODER_ID = 10487))
BEGIN
BEGIN TRANSACTION

-- B_GDO_ORDER
SET IDENTITY_INSERT B_GDO_ORDER ON
DELETE FROM B_GDO_ORDER WHERE GDODER_ID = 10487
INSERT INTO B_GDO_ORDER ([GDODER_ID], [NO_COMPTE], [SECURITY], [QUANTITY], [EXEC_QUANTITY], [QUANTITY_TYPE], [REQUIREMENT], [PRICE], [EXEC_PRICE], [RATE], [CURRENCY], [PRICE_IA], [PRICE_TYPE], [WIRE_NUMBER], [TYPE], [STATUS], [TSTAMP_EXEC], [EXCHANGE_ID], [ROUTING_ID], [EXP_TYPE], [EXP_DATE], [STOP_TYPE], [STOP_PRICE], [COMMISSION], [USER_CREATE], [TSTAMP_CREATE], [USER_CFO], [TSTAMP_CFO], [CANCEL], [AFTER_HOURS], [SOLICIT], [STOP], [COMM_TYPE], [HOLD_MAIL], [NOTE_TYPE], [COMM_REP_ID], [COMM_IA], [PRO], [PRO_TYPE], [ORDER_SYMBOL], [FIN_INSTRUMENT], [TSTAMP_STATUS], [TYPEOFCOMM], [COVERED], [REP_ID], [NO_REP], [USER_STATUS], [NO_CLIENT], [DISPLAY_ORDER], [PARTIAL], [ALTER_ORDER_NUMBER], [COMMISSION_PERCENTAGE], [OFFSETTING], [SHORT], [TSTAMP_CANCEL], [USER_CANCEL], [BEHALF_CODE], [DESTINATION_CODE], [ORDER_DATE], [VALUE_DATE], [DISCRETIONARY_PRICE], [CODED_TRAILER], [ADJUSTMENT], [COMMISSION_CODE], [GROSS_AMOUNT], [NO_TRANS], [POSTED], [ACC_NAME], [IA_NAME], [SEC_DESC_L1], [SEC_DESC_L2], [CHARAC], [TRADE_TYPE], [SETTLED_DATE], [CLIENT_TRADE_BASIS], [MARKET], [INVENTORY_CODE], [SUPPLEMENTARY_NOTE], [YIELD_ANNUAL], [YIELD_S_ANNUAL], [SECURITY_TO], [DISTRIBUTION], [LOAD_PERCENTAGE], [IS_WASH], [RATE_TYPE], [TSTAMP_VERIFY], [USER_VERIFY], [BLOTTER_DATE], [SUP_ID], [SOURCE_TYPE], [SOURCE_DATA], [EXPORT_DEF_ID], [FRONT_END], [CONTRACT_EXCEPTION], [ICEBERG], [ORIGINAL_ORDER_ID], [TRADER_TYPE], [SUB_SEQ_NUM], [SHORT_SELL], [ANONYMOUS], [SYMBOLTO], [EXCHANGETO_ID], [RATE_INTERNAL_NUMBER], [SECUFIRM], [EXEC_QUANTITY_INTRADAY], [CONTENT_TYPE], [CONTENT_DATA], [PLATFORM_TYPE], [IS_MANUAL_ORDER_HANDLING], [QUANTITY_UNSOLICITED], [SUPPLIER_MARKET], [FACTEUR], [PRINFACT], [AFF_DECIMAL], [AFF_FACT], [ORDER_TYPE]) VALUES (10487, 'USD_ACCOUNT', 4348, 101.000, 50.000, 'Q', 0, 0.00000000, 17.00000000, NULL, 'USD', 0.00000000, '0', 'CROESUS1_10487', 10, 50, '2020-10-08 12:18:36', 195, NULL, 1, '2020-10-08 00:00:00', 0, 0.00000000, 0.00, 0, '2020-10-08 12:08:50', NULL, NULL, 'N', 'N', 'Y', NULL, 'T', NULL, '0', NULL, NULL, 'N', 'N', 'MSFT', 1, '2020-10-08 12:18:36', 20, 0, 39, 'BD77', 0, NULL, 10, '1', NULL, NULL, NULL, 'N', NULL, NULL, NULL, NULL, '2020-10-08 00:00:00', NULL, NULL, NULL, NULL, NULL, 0.00, NULL, 'N', NULL, NULL, 'MICROSOFT CORP', 'MICROSOFT CORP', NULL, 2, '2020-10-14 00:00:00', 'P', 'NU', NULL, NULL, NULL, NULL, NULL, NULL, NULL, 'N', NULL, '2020-10-08 12:18:35', 0, '2020-10-08 00:00:00', 5, 4, NULL, NULL, NULL, NULL, NULL, NULL, NULL, NULL, NULL, NULL, NULL, NULL, NULL, '437843', NULL, 1, NULL, NULL, NULL, NULL, 'TO', 1, 1.00000000, 0, NULL, 1)
SET IDENTITY_INSERT B_GDO_ORDER OFF

-- B_GDO_BLOCK_ACCOUNTS
DELETE FROM B_GDO_BLOCK_ACCOUNTS WHERE GDODER_ID = 10487
INSERT INTO B_GDO_BLOCK_ACCOUNTS ([NO_COMPTE], [ACC_NAME], [QTY_ALLOCATED], [VALUE_ALLOCATED], [QTY_NEEDED], [GDODER_ID], [QTY_ALLOCATED_PHASE_ONE], [SOURCE_TYPE], [SOURCE_DATA], [QTY_ALLOCATED_INTRADAY], [REP_ID]) VALUES ('800206-FS', 'MUTCHMORE ANNU', 50.000000, NULL, 101.000000, 10487, NULL, 4, NULL, NULL, 39)

-- B_GDO_MESSAGELOG
SET IDENTITY_INSERT B_GDO_MESSAGELOG ON
DELETE FROM B_GDO_MESSAGELOG WHERE ORDER_ID = 10487
INSERT INTO B_GDO_MESSAGELOG ([MESSAGE_LOG_ID], [ORDER_ID], [STATUS], [USER_NUM], [DATE], [MESSAGE_OLD], [Visibility], [MESSAGE]) VALUES (226642, 10487, 70, 0, '2020-10-08 12:18:34', NULL, 1, '[Converted to block trade]. {OrdId:10487,Created:UNI00,Src:SingleTrade,Qty:101,000,SecId:4348,Market:NAS,Market}')
INSERT INTO B_GDO_MESSAGELOG ([MESSAGE_LOG_ID], [ORDER_ID], [STATUS], [USER_NUM], [DATE], [MESSAGE_OLD], [Visibility], [MESSAGE]) VALUES (226643, 10487, 70, 0, '2020-10-08 12:18:34', NULL, 1, '[Order saved]. {OrdId:10487,Created:UNI00,Src:SingleTrade,Qty:101,000,SecId:4348,Market:NAS,Market}')
INSERT INTO B_GDO_MESSAGELOG ([MESSAGE_LOG_ID], [ORDER_ID], [STATUS], [USER_NUM], [DATE], [MESSAGE_OLD], [Visibility], [MESSAGE]) VALUES (226660, 10487, 130, 0, '2020-10-08 12:18:35', NULL, 1, '[Order pending approval]. original status: Saved')
INSERT INTO B_GDO_MESSAGELOG ([MESSAGE_LOG_ID], [ORDER_ID], [STATUS], [USER_NUM], [DATE], [MESSAGE_OLD], [Visibility], [MESSAGE]) VALUES (226661, 10487, 130, 0, '2020-10-08 12:18:35', NULL, 0, NULL)
INSERT INTO B_GDO_MESSAGELOG ([MESSAGE_LOG_ID], [ORDER_ID], [STATUS], [USER_NUM], [DATE], [MESSAGE_OLD], [Visibility], [MESSAGE]) VALUES (226684, 10487, 10, 0, '2020-10-08 12:18:36', NULL, 0, NULL)
INSERT INTO B_GDO_MESSAGELOG ([MESSAGE_LOG_ID], [ORDER_ID], [STATUS], [USER_NUM], [DATE], [MESSAGE_OLD], [Visibility], [MESSAGE]) VALUES (226689, 10487, 50, 0, '2020-10-08 12:18:36', NULL, 0, '50 @ 17 CROESUS1_10487')
INSERT INTO B_GDO_MESSAGELOG ([MESSAGE_LOG_ID], [ORDER_ID], [STATUS], [USER_NUM], [DATE], [MESSAGE_OLD], [Visibility], [MESSAGE]) VALUES (226691, 10487, 50, 0, '2020-10-08 12:18:36', NULL, 1, '[Filled by Automatic]. fillQty:50, fid Status:Partial_Fill, ord Status:Partial_Fill')
SET IDENTITY_INSERT B_GDO_MESSAGELOG OFF

-- B_GDO_FILL
SET IDENTITY_INSERT B_GDO_FILL ON
DELETE FROM B_GDO_FILL WHERE WIRE_NUMBER = 'CROESUS1_10487'
INSERT INTO B_GDO_FILL ([GDOFILL_ID], [WIRE_NUMBER], [SUB_WIRE_NUMBER], [TSTAMP_CREATE], [TSTAMP_EXEC], [SETTLED_DATE], [CLIENT_TRADE_BASIS], [MARKET], [EXPORT_DEF_ID], [QUANTITY], [PRICE], [PRICE_IA], [STATUS], [RATE], [RATE_TYPE], [IS_WASH], [CODED_TRAILER], [SUPPLEMENTARY_NOTE], [INVENTORY_CODE], [YIELD_ANNUAL], [YIELD_S_ANNUAL], [SUPPLIER_MARKET]) VALUES (108386, 'CROESUS1_10487', '6', '2020-10-08 12:18:36', '2020-10-08 12:18:36', '2020-10-14 00:00:00', 'P', 'NU', NULL, 50.000, 17.00000000, 0.00000000, 40, 0.00000000, NULL, NULL, NULL, NULL, NULL, NULL, NULL, 'TO')
SET IDENTITY_INSERT B_GDO_FILL OFF

-- B_GDO_ORDERNOTES
DELETE FROM B_GDO_ORDERNOTES WHERE GDODER_ID = 10487
INSERT INTO B_GDO_ORDERNOTES ([GDODER_ID], [NOTE_ID], [NOTE_TYPE], [TIME_STAMP]) VALUES (10487, 4349, 8, NULL)
INSERT INTO B_GDO_ORDERNOTES ([GDODER_ID], [NOTE_ID], [NOTE_TYPE], [TIME_STAMP]) VALUES (10487, 4368, 101, NULL)
INSERT INTO B_GDO_ORDERNOTES ([GDODER_ID], [NOTE_ID], [NOTE_TYPE], [TIME_STAMP]) VALUES (10487, 4369, 102, NULL)

-- B_NOTE
SET IDENTITY_INSERT B_NOTE ON
DELETE FROM B_NOTE WHERE NOTE_ID = 4349
INSERT INTO B_NOTE ([NOTE_ID], [COMMNOTE], [USER_NUM], [DATE_CREAT], [DATE_MAJ], [IS_REVIEW], [EFFECTIVE_DATE]) VALUES (4349, '??A;F(50,17)', NULL, NULL, NULL, NULL, NULL)
DELETE FROM B_NOTE WHERE NOTE_ID = 4368
INSERT INTO B_NOTE ([NOTE_ID], [COMMNOTE], [USER_NUM], [DATE_CREAT], [DATE_MAJ], [IS_REVIEW], [EFFECTIVE_DATE]) VALUES (4368, '''4''''6''', NULL, NULL, NULL, NULL, NULL)
DELETE FROM B_NOTE WHERE NOTE_ID = 4369
INSERT INTO B_NOTE ([NOTE_ID], [COMMNOTE], [USER_NUM], [DATE_CREAT], [DATE_MAJ], [IS_REVIEW], [EFFECTIVE_DATE]) VALUES (4369, '
8.FIX.4.2_SOH_9.223_SOH_35.D_SOH_34.1462_SOH_49.CROESUS_SOH_50.UNI00_SOH_52.20201008-16:18:35.925_SOH_56.NBFG_SOH_1.USD_ACCOUNT_SOH_11.CROESUS1_10487_SOH_15.USD_SOH_18.5_SOH_21.3_SOH_22.1_SOH_38.101_SOH_40.1_SOH_47.A_SOH_48.594918104_SOH_54.1_SOH_55.MSFT_SOH_58.??A;F(50,17)_SOH_59.0_SOH_60.20201008-16:18:35.827_SOH_207.O_SOH_6750.CL_SOH_10.252_SOH_', NULL, NULL, NULL, NULL, NULL)
SET IDENTITY_INSERT B_NOTE OFF

COMMIT TRANSACTION
END

-- ***********************************
-- Order ID : 10488
-- ***********************************
IF(NOT EXISTS(SELECT 1 FROM B_GDO_ORDER WHERE GDODER_ID = 10488) OR '2020-10-08 12:18:36' >= (SELECT TSTAMP_STATUS FROM B_GDO_ORDER WHERE GDODER_ID = 10488))
BEGIN
BEGIN TRANSACTION

-- B_GDO_ORDER
SET IDENTITY_INSERT B_GDO_ORDER ON
DELETE FROM B_GDO_ORDER WHERE GDODER_ID = 10488
INSERT INTO B_GDO_ORDER ([GDODER_ID], [NO_COMPTE], [SECURITY], [QUANTITY], [EXEC_QUANTITY], [QUANTITY_TYPE], [REQUIREMENT], [PRICE], [EXEC_PRICE], [RATE], [CURRENCY], [PRICE_IA], [PRICE_TYPE], [WIRE_NUMBER], [TYPE], [STATUS], [TSTAMP_EXEC], [EXCHANGE_ID], [ROUTING_ID], [EXP_TYPE], [EXP_DATE], [STOP_TYPE], [STOP_PRICE], [COMMISSION], [USER_CREATE], [TSTAMP_CREATE], [USER_CFO], [TSTAMP_CFO], [CANCEL], [AFTER_HOURS], [SOLICIT], [STOP], [COMM_TYPE], [HOLD_MAIL], [NOTE_TYPE], [COMM_REP_ID], [COMM_IA], [PRO], [PRO_TYPE], [ORDER_SYMBOL], [FIN_INSTRUMENT], [TSTAMP_STATUS], [TYPEOFCOMM], [COVERED], [REP_ID], [NO_REP], [USER_STATUS], [NO_CLIENT], [DISPLAY_ORDER], [PARTIAL], [ALTER_ORDER_NUMBER], [COMMISSION_PERCENTAGE], [OFFSETTING], [SHORT], [TSTAMP_CANCEL], [USER_CANCEL], [BEHALF_CODE], [DESTINATION_CODE], [ORDER_DATE], [VALUE_DATE], [DISCRETIONARY_PRICE], [CODED_TRAILER], [ADJUSTMENT], [COMMISSION_CODE], [GROSS_AMOUNT], [NO_TRANS], [POSTED], [ACC_NAME], [IA_NAME], [SEC_DESC_L1], [SEC_DESC_L2], [CHARAC], [TRADE_TYPE], [SETTLED_DATE], [CLIENT_TRADE_BASIS], [MARKET], [INVENTORY_CODE], [SUPPLEMENTARY_NOTE], [YIELD_ANNUAL], [YIELD_S_ANNUAL], [SECURITY_TO], [DISTRIBUTION], [LOAD_PERCENTAGE], [IS_WASH], [RATE_TYPE], [TSTAMP_VERIFY], [USER_VERIFY], [BLOTTER_DATE], [SUP_ID], [SOURCE_TYPE], [SOURCE_DATA], [EXPORT_DEF_ID], [FRONT_END], [CONTRACT_EXCEPTION], [ICEBERG], [ORIGINAL_ORDER_ID], [TRADER_TYPE], [SUB_SEQ_NUM], [SHORT_SELL], [ANONYMOUS], [SYMBOLTO], [EXCHANGETO_ID], [RATE_INTERNAL_NUMBER], [SECUFIRM], [EXEC_QUANTITY_INTRADAY], [CONTENT_TYPE], [CONTENT_DATA], [PLATFORM_TYPE], [IS_MANUAL_ORDER_HANDLING], [QUANTITY_UNSOLICITED], [SUPPLIER_MARKET], [FACTEUR], [PRINFACT], [AFF_DECIMAL], [AFF_FACT], [ORDER_TYPE]) VALUES (10488, 'USD_ACCOUNT', 4348, 102.000, 102.000, 'Q', 0, 0.00000000, 2.00000000, NULL, 'USD', 0.00000000, '0', 'CROESUS1_10488', 10, 40, '2020-10-08 12:18:36', 195, NULL, 1, '2020-10-08 00:00:00', 0, 0.00000000, 0.00, 0, '2020-10-08 12:08:50', NULL, NULL, 'N', 'N', 'Y', NULL, 'T', NULL, '0', NULL, NULL, 'N', 'N', 'MSFT', 1, '2020-10-08 12:18:36', 20, 0, 39, 'BD77', 0, NULL, 30, '0', NULL, NULL, NULL, 'N', NULL, NULL, NULL, NULL, '2020-10-08 00:00:00', NULL, NULL, NULL, NULL, NULL, 0.00, NULL, 'N', NULL, NULL, 'MICROSOFT CORP', 'MICROSOFT CORP', NULL, 2, '2020-10-14 00:00:00', 'P', 'NU', NULL, NULL, NULL, NULL, NULL, NULL, NULL, 'N', NULL, '2020-10-08 12:18:35', 0, '2020-10-08 00:00:00', 5, 4, NULL, NULL, NULL, NULL, NULL, NULL, NULL, NULL, NULL, NULL, NULL, NULL, NULL, '437843', NULL, 1, NULL, NULL, NULL, NULL, 'TO', 1, 1.00000000, 0, NULL, 1)
SET IDENTITY_INSERT B_GDO_ORDER OFF

-- B_GDO_BLOCK_ACCOUNTS
DELETE FROM B_GDO_BLOCK_ACCOUNTS WHERE GDODER_ID = 10488
INSERT INTO B_GDO_BLOCK_ACCOUNTS ([NO_COMPTE], [ACC_NAME], [QTY_ALLOCATED], [VALUE_ALLOCATED], [QTY_NEEDED], [GDODER_ID], [QTY_ALLOCATED_PHASE_ONE], [SOURCE_TYPE], [SOURCE_DATA], [QTY_ALLOCATED_INTRADAY], [REP_ID]) VALUES ('800206-JW', 'MUTCHMORE ANNU', 102.000000, NULL, 102.000000, 10488, NULL, 4, NULL, NULL, 39)

-- B_GDO_MESSAGELOG
SET IDENTITY_INSERT B_GDO_MESSAGELOG ON
DELETE FROM B_GDO_MESSAGELOG WHERE ORDER_ID = 10488
INSERT INTO B_GDO_MESSAGELOG ([MESSAGE_LOG_ID], [ORDER_ID], [STATUS], [USER_NUM], [DATE], [MESSAGE_OLD], [Visibility], [MESSAGE]) VALUES (226644, 10488, 70, 0, '2020-10-08 12:18:34', NULL, 1, '[Converted to block trade]. {OrdId:10488,Created:UNI00,Src:SingleTrade,Qty:102,000,SecId:4348,Market:NAS,Market}')
INSERT INTO B_GDO_MESSAGELOG ([MESSAGE_LOG_ID], [ORDER_ID], [STATUS], [USER_NUM], [DATE], [MESSAGE_OLD], [Visibility], [MESSAGE]) VALUES (226645, 10488, 70, 0, '2020-10-08 12:18:34', NULL, 1, '[Order saved]. {OrdId:10488,Created:UNI00,Src:SingleTrade,Qty:102,000,SecId:4348,Market:NAS,Market}')
INSERT INTO B_GDO_MESSAGELOG ([MESSAGE_LOG_ID], [ORDER_ID], [STATUS], [USER_NUM], [DATE], [MESSAGE_OLD], [Visibility], [MESSAGE]) VALUES (226662, 10488, 130, 0, '2020-10-08 12:18:35', NULL, 1, '[Order pending approval]. original status: Saved')
INSERT INTO B_GDO_MESSAGELOG ([MESSAGE_LOG_ID], [ORDER_ID], [STATUS], [USER_NUM], [DATE], [MESSAGE_OLD], [Visibility], [MESSAGE]) VALUES (226663, 10488, 130, 0, '2020-10-08 12:18:35', NULL, 0, NULL)
INSERT INTO B_GDO_MESSAGELOG ([MESSAGE_LOG_ID], [ORDER_ID], [STATUS], [USER_NUM], [DATE], [MESSAGE_OLD], [Visibility], [MESSAGE]) VALUES (226680, 10488, 10, 0, '2020-10-08 12:18:36', NULL, 0, NULL)
INSERT INTO B_GDO_MESSAGELOG ([MESSAGE_LOG_ID], [ORDER_ID], [STATUS], [USER_NUM], [DATE], [MESSAGE_OLD], [Visibility], [MESSAGE]) VALUES (226688, 10488, 40, 0, '2020-10-08 12:18:36', NULL, 0, '102 @ 2 CROESUS1_10488')
INSERT INTO B_GDO_MESSAGELOG ([MESSAGE_LOG_ID], [ORDER_ID], [STATUS], [USER_NUM], [DATE], [MESSAGE_OLD], [Visibility], [MESSAGE]) VALUES (226690, 10488, 40, 0, '2020-10-08 12:18:36', NULL, 1, '[Filled by Automatic]. fillQty:102, fid Status:Executed, ord Status:Executed')
SET IDENTITY_INSERT B_GDO_MESSAGELOG OFF

-- B_GDO_FILL
SET IDENTITY_INSERT B_GDO_FILL ON
DELETE FROM B_GDO_FILL WHERE WIRE_NUMBER = 'CROESUS1_10488'
INSERT INTO B_GDO_FILL ([GDOFILL_ID], [WIRE_NUMBER], [SUB_WIRE_NUMBER], [TSTAMP_CREATE], [TSTAMP_EXEC], [SETTLED_DATE], [CLIENT_TRADE_BASIS], [MARKET], [EXPORT_DEF_ID], [QUANTITY], [PRICE], [PRICE_IA], [STATUS], [RATE], [RATE_TYPE], [IS_WASH], [CODED_TRAILER], [SUPPLEMENTARY_NOTE], [INVENTORY_CODE], [YIELD_ANNUAL], [YIELD_S_ANNUAL], [SUPPLIER_MARKET]) VALUES (108385, 'CROESUS1_10488', '7', '2020-10-08 12:18:36', '2020-10-08 12:18:36', '2020-10-14 00:00:00', 'P', 'NU', NULL, 102.000, 2.00000000, 0.00000000, 40, 0.00000000, NULL, NULL, NULL, NULL, NULL, NULL, NULL, 'TO')
SET IDENTITY_INSERT B_GDO_FILL OFF

-- B_GDO_ORDERNOTES
DELETE FROM B_GDO_ORDERNOTES WHERE GDODER_ID = 10488
INSERT INTO B_GDO_ORDERNOTES ([GDODER_ID], [NOTE_ID], [NOTE_TYPE], [TIME_STAMP]) VALUES (10488, 4350, 8, NULL)
INSERT INTO B_GDO_ORDERNOTES ([GDODER_ID], [NOTE_ID], [NOTE_TYPE], [TIME_STAMP]) VALUES (10488, 4362, 101, NULL)
INSERT INTO B_GDO_ORDERNOTES ([GDODER_ID], [NOTE_ID], [NOTE_TYPE], [TIME_STAMP]) VALUES (10488, 4363, 102, NULL)

-- B_NOTE
SET IDENTITY_INSERT B_NOTE ON
DELETE FROM B_NOTE WHERE NOTE_ID = 4350
INSERT INTO B_NOTE ([NOTE_ID], [COMMNOTE], [USER_NUM], [DATE_CREAT], [DATE_MAJ], [IS_REVIEW], [EFFECTIVE_DATE]) VALUES (4350, '??A;F(102,2)', NULL, NULL, NULL, NULL, NULL)
DELETE FROM B_NOTE WHERE NOTE_ID = 4362
INSERT INTO B_NOTE ([NOTE_ID], [COMMNOTE], [USER_NUM], [DATE_CREAT], [DATE_MAJ], [IS_REVIEW], [EFFECTIVE_DATE]) VALUES (4362, '''1''''7''', NULL, NULL, NULL, NULL, NULL)
DELETE FROM B_NOTE WHERE NOTE_ID = 4363
INSERT INTO B_NOTE ([NOTE_ID], [COMMNOTE], [USER_NUM], [DATE_CREAT], [DATE_MAJ], [IS_REVIEW], [EFFECTIVE_DATE]) VALUES (4363, '
8.FIX.4.2_SOH_9.223_SOH_35.D_SOH_34.1463_SOH_49.CROESUS_SOH_50.UNI00_SOH_52.20201008-16:18:35.925_SOH_56.NBFG_SOH_1.USD_ACCOUNT_SOH_11.CROESUS1_10488_SOH_15.USD_SOH_18.5_SOH_21.3_SOH_22.1_SOH_38.102_SOH_40.1_SOH_47.A_SOH_48.594918104_SOH_54.1_SOH_55.MSFT_SOH_58.??A;F(102,2)_SOH_59.0_SOH_60.20201008-16:18:35.908_SOH_207.O_SOH_6750.CL_SOH_10.247_SOH_', NULL, NULL, NULL, NULL, NULL)
SET IDENTITY_INSERT B_NOTE OFF

COMMIT TRANSACTION
END

-- ***********************************
-- Order ID : 10494
-- ***********************************
IF(NOT EXISTS(SELECT 1 FROM B_GDO_ORDER WHERE GDODER_ID = 10494) OR '2020-10-08 12:18:36' >= (SELECT TSTAMP_STATUS FROM B_GDO_ORDER WHERE GDODER_ID = 10494))
BEGIN
BEGIN TRANSACTION

-- B_GDO_ORDER
SET IDENTITY_INSERT B_GDO_ORDER ON
DELETE FROM B_GDO_ORDER WHERE GDODER_ID = 10494
INSERT INTO B_GDO_ORDER ([GDODER_ID], [NO_COMPTE], [SECURITY], [QUANTITY], [EXEC_QUANTITY], [QUANTITY_TYPE], [REQUIREMENT], [PRICE], [EXEC_PRICE], [RATE], [CURRENCY], [PRICE_IA], [PRICE_TYPE], [WIRE_NUMBER], [TYPE], [STATUS], [TSTAMP_EXEC], [EXCHANGE_ID], [ROUTING_ID], [EXP_TYPE], [EXP_DATE], [STOP_TYPE], [STOP_PRICE], [COMMISSION], [USER_CREATE], [TSTAMP_CREATE], [USER_CFO], [TSTAMP_CFO], [CANCEL], [AFTER_HOURS], [SOLICIT], [STOP], [COMM_TYPE], [HOLD_MAIL], [NOTE_TYPE], [COMM_REP_ID], [COMM_IA], [PRO], [PRO_TYPE], [ORDER_SYMBOL], [FIN_INSTRUMENT], [TSTAMP_STATUS], [TYPEOFCOMM], [COVERED], [REP_ID], [NO_REP], [USER_STATUS], [NO_CLIENT], [DISPLAY_ORDER], [PARTIAL], [ALTER_ORDER_NUMBER], [COMMISSION_PERCENTAGE], [OFFSETTING], [SHORT], [TSTAMP_CANCEL], [USER_CANCEL], [BEHALF_CODE], [DESTINATION_CODE], [ORDER_DATE], [VALUE_DATE], [DISCRETIONARY_PRICE], [CODED_TRAILER], [ADJUSTMENT], [COMMISSION_CODE], [GROSS_AMOUNT], [NO_TRANS], [POSTED], [ACC_NAME], [IA_NAME], [SEC_DESC_L1], [SEC_DESC_L2], [CHARAC], [TRADE_TYPE], [SETTLED_DATE], [CLIENT_TRADE_BASIS], [MARKET], [INVENTORY_CODE], [SUPPLEMENTARY_NOTE], [YIELD_ANNUAL], [YIELD_S_ANNUAL], [SECURITY_TO], [DISTRIBUTION], [LOAD_PERCENTAGE], [IS_WASH], [RATE_TYPE], [TSTAMP_VERIFY], [USER_VERIFY], [BLOTTER_DATE], [SUP_ID], [SOURCE_TYPE], [SOURCE_DATA], [EXPORT_DEF_ID], [FRONT_END], [CONTRACT_EXCEPTION], [ICEBERG], [ORIGINAL_ORDER_ID], [TRADER_TYPE], [SUB_SEQ_NUM], [SHORT_SELL], [ANONYMOUS], [SYMBOLTO], [EXCHANGETO_ID], [RATE_INTERNAL_NUMBER], [SECUFIRM], [EXEC_QUANTITY_INTRADAY], [CONTENT_TYPE], [CONTENT_DATA], [PLATFORM_TYPE], [IS_MANUAL_ORDER_HANDLING], [QUANTITY_UNSOLICITED], [SUPPLIER_MARKET], [FACTEUR], [PRINFACT], [AFF_DECIMAL], [AFF_FACT], [ORDER_TYPE]) VALUES (10494, 'USD_ACCOUNT', 4348, 108.000, 108.000, 'Q', 0, 0.00000000, 14.00000000, NULL, 'USD', 0.00000000, '0', 'CROESUS1_10494', 10, 40, '2020-10-08 12:18:36', 195, NULL, 1, '2020-10-08 00:00:00', 0, 0.00000000, 0.00, 0, '2020-10-08 12:08:50', NULL, NULL, 'N', 'N', 'Y', NULL, 'T', NULL, '0', NULL, NULL, 'N', 'N', 'MSFT', 1, '2020-10-08 12:18:36', 20, 0, 18, '0AED', 0, NULL, 30, '0', NULL, NULL, NULL, 'N', NULL, NULL, NULL, NULL, '2020-10-08 00:00:00', NULL, NULL, NULL, NULL, NULL, 0.00, NULL, 'N', NULL, NULL, 'MICROSOFT CORP', 'MICROSOFT CORP', NULL, 2, '2020-10-14 00:00:00', 'P', 'NU', NULL, NULL, NULL, NULL, NULL, NULL, NULL, 'N', NULL, '2020-10-08 12:18:36', 0, '2020-10-08 00:00:00', 5, 4, NULL, NULL, NULL, NULL, NULL, NULL, NULL, NULL, NULL, NULL, NULL, NULL, NULL, '437843', NULL, 1, NULL, NULL, NULL, NULL, 'TO', 1, 1.00000000, 0, NULL, 1)
SET IDENTITY_INSERT B_GDO_ORDER OFF

-- B_GDO_BLOCK_ACCOUNTS
DELETE FROM B_GDO_BLOCK_ACCOUNTS WHERE GDODER_ID = 10494
INSERT INTO B_GDO_BLOCK_ACCOUNTS ([NO_COMPTE], [ACC_NAME], [QTY_ALLOCATED], [VALUE_ALLOCATED], [QTY_NEEDED], [GDODER_ID], [QTY_ALLOCATED_PHASE_ONE], [SOURCE_TYPE], [SOURCE_DATA], [QTY_ALLOCATED_INTRADAY], [REP_ID]) VALUES ('800205-OB', 'MASSIE BENNO', 108.000000, NULL, 108.000000, 10494, NULL, 4, NULL, NULL, 18)

-- B_GDO_MESSAGELOG
SET IDENTITY_INSERT B_GDO_MESSAGELOG ON
DELETE FROM B_GDO_MESSAGELOG WHERE ORDER_ID = 10494
INSERT INTO B_GDO_MESSAGELOG ([MESSAGE_LOG_ID], [ORDER_ID], [STATUS], [USER_NUM], [DATE], [MESSAGE_OLD], [Visibility], [MESSAGE]) VALUES (226656, 10494, 70, 0, '2020-10-08 12:18:35', NULL, 1, '[Converted to block trade]. {OrdId:10494,Created:UNI00,Src:SingleTrade,Qty:108,000,SecId:4348,Market:NAS,Market}')
INSERT INTO B_GDO_MESSAGELOG ([MESSAGE_LOG_ID], [ORDER_ID], [STATUS], [USER_NUM], [DATE], [MESSAGE_OLD], [Visibility], [MESSAGE]) VALUES (226657, 10494, 70, 0, '2020-10-08 12:18:35', NULL, 1, '[Order saved]. {OrdId:10494,Created:UNI00,Src:SingleTrade,Qty:108,000,SecId:4348,Market:NAS,Market}')
INSERT INTO B_GDO_MESSAGELOG ([MESSAGE_LOG_ID], [ORDER_ID], [STATUS], [USER_NUM], [DATE], [MESSAGE_OLD], [Visibility], [MESSAGE]) VALUES (226674, 10494, 130, 0, '2020-10-08 12:18:36', NULL, 1, '[Order pending approval]. original status: Saved')
INSERT INTO B_GDO_MESSAGELOG ([MESSAGE_LOG_ID], [ORDER_ID], [STATUS], [USER_NUM], [DATE], [MESSAGE_OLD], [Visibility], [MESSAGE]) VALUES (226675, 10494, 130, 0, '2020-10-08 12:18:36', NULL, 0, NULL)
INSERT INTO B_GDO_MESSAGELOG ([MESSAGE_LOG_ID], [ORDER_ID], [STATUS], [USER_NUM], [DATE], [MESSAGE_OLD], [Visibility], [MESSAGE]) VALUES (226686, 10494, 10, 0, '2020-10-08 12:18:36', NULL, 0, NULL)
INSERT INTO B_GDO_MESSAGELOG ([MESSAGE_LOG_ID], [ORDER_ID], [STATUS], [USER_NUM], [DATE], [MESSAGE_OLD], [Visibility], [MESSAGE]) VALUES (226692, 10494, 40, 0, '2020-10-08 12:18:36', NULL, 0, '108 @ 14 CROESUS1_10494')
INSERT INTO B_GDO_MESSAGELOG ([MESSAGE_LOG_ID], [ORDER_ID], [STATUS], [USER_NUM], [DATE], [MESSAGE_OLD], [Visibility], [MESSAGE]) VALUES (226693, 10494, 40, 0, '2020-10-08 12:18:36', NULL, 1, '[Filled by Automatic]. fillQty:108, fid Status:Executed, ord Status:Executed')
SET IDENTITY_INSERT B_GDO_MESSAGELOG OFF

-- B_GDO_FILL
SET IDENTITY_INSERT B_GDO_FILL ON
DELETE FROM B_GDO_FILL WHERE WIRE_NUMBER = 'CROESUS1_10494'
INSERT INTO B_GDO_FILL ([GDOFILL_ID], [WIRE_NUMBER], [SUB_WIRE_NUMBER], [TSTAMP_CREATE], [TSTAMP_EXEC], [SETTLED_DATE], [CLIENT_TRADE_BASIS], [MARKET], [EXPORT_DEF_ID], [QUANTITY], [PRICE], [PRICE_IA], [STATUS], [RATE], [RATE_TYPE], [IS_WASH], [CODED_TRAILER], [SUPPLEMENTARY_NOTE], [INVENTORY_CODE], [YIELD_ANNUAL], [YIELD_S_ANNUAL], [SUPPLIER_MARKET]) VALUES (108387, 'CROESUS1_10494', '11', '2020-10-08 12:18:36', '2020-10-08 12:18:36', '2020-10-14 00:00:00', 'P', 'NU', NULL, 108.000, 14.00000000, 0.00000000, 40, 0.00000000, NULL, NULL, NULL, NULL, NULL, NULL, NULL, 'TO')
SET IDENTITY_INSERT B_GDO_FILL OFF

-- B_GDO_ORDERNOTES
DELETE FROM B_GDO_ORDERNOTES WHERE GDODER_ID = 10494
INSERT INTO B_GDO_ORDERNOTES ([GDODER_ID], [NOTE_ID], [NOTE_TYPE], [TIME_STAMP]) VALUES (10494, 4356, 8, NULL)
INSERT INTO B_GDO_ORDERNOTES ([GDODER_ID], [NOTE_ID], [NOTE_TYPE], [TIME_STAMP]) VALUES (10494, 4372, 101, NULL)
INSERT INTO B_GDO_ORDERNOTES ([GDODER_ID], [NOTE_ID], [NOTE_TYPE], [TIME_STAMP]) VALUES (10494, 4373, 102, NULL)

-- B_NOTE
SET IDENTITY_INSERT B_NOTE ON
DELETE FROM B_NOTE WHERE NOTE_ID = 4356
INSERT INTO B_NOTE ([NOTE_ID], [COMMNOTE], [USER_NUM], [DATE_CREAT], [DATE_MAJ], [IS_REVIEW], [EFFECTIVE_DATE]) VALUES (4356, '??A;F(108,14)', NULL, NULL, NULL, NULL, NULL)
DELETE FROM B_NOTE WHERE NOTE_ID = 4372
INSERT INTO B_NOTE ([NOTE_ID], [COMMNOTE], [USER_NUM], [DATE_CREAT], [DATE_MAJ], [IS_REVIEW], [EFFECTIVE_DATE]) VALUES (4372, '''10''''11''', NULL, NULL, NULL, NULL, NULL)
DELETE FROM B_NOTE WHERE NOTE_ID = 4373
INSERT INTO B_NOTE ([NOTE_ID], [COMMNOTE], [USER_NUM], [DATE_CREAT], [DATE_MAJ], [IS_REVIEW], [EFFECTIVE_DATE]) VALUES (4373, '
8.FIX.4.2_SOH_9.224_SOH_35.D_SOH_34.1469_SOH_49.CROESUS_SOH_50.UNI00_SOH_52.20201008-16:18:36.269_SOH_56.NBFG_SOH_1.USD_ACCOUNT_SOH_11.CROESUS1_10494_SOH_15.USD_SOH_18.5_SOH_21.3_SOH_22.1_SOH_38.108_SOH_40.1_SOH_47.A_SOH_48.594918104_SOH_54.1_SOH_55.MSFT_SOH_58.??A;F(108,14)_SOH_59.0_SOH_60.20201008-16:18:36.268_SOH_207.O_SOH_6750.CL_SOH_10.060_SOH_', NULL, NULL, NULL, NULL, NULL)
SET IDENTITY_INSERT B_NOTE OFF

COMMIT TRANSACTION
END

-- ***********************************
-- Order ID : 10495
-- ***********************************
IF(NOT EXISTS(SELECT 1 FROM B_GDO_ORDER WHERE GDODER_ID = 10495) OR '2020-10-08 12:18:36' >= (SELECT TSTAMP_STATUS FROM B_GDO_ORDER WHERE GDODER_ID = 10495))
BEGIN
BEGIN TRANSACTION

-- B_GDO_ORDER
SET IDENTITY_INSERT B_GDO_ORDER ON
DELETE FROM B_GDO_ORDER WHERE GDODER_ID = 10495
INSERT INTO B_GDO_ORDER ([GDODER_ID], [NO_COMPTE], [SECURITY], [QUANTITY], [EXEC_QUANTITY], [QUANTITY_TYPE], [REQUIREMENT], [PRICE], [EXEC_PRICE], [RATE], [CURRENCY], [PRICE_IA], [PRICE_TYPE], [WIRE_NUMBER], [TYPE], [STATUS], [TSTAMP_EXEC], [EXCHANGE_ID], [ROUTING_ID], [EXP_TYPE], [EXP_DATE], [STOP_TYPE], [STOP_PRICE], [COMMISSION], [USER_CREATE], [TSTAMP_CREATE], [USER_CFO], [TSTAMP_CFO], [CANCEL], [AFTER_HOURS], [SOLICIT], [STOP], [COMM_TYPE], [HOLD_MAIL], [NOTE_TYPE], [COMM_REP_ID], [COMM_IA], [PRO], [PRO_TYPE], [ORDER_SYMBOL], [FIN_INSTRUMENT], [TSTAMP_STATUS], [TYPEOFCOMM], [COVERED], [REP_ID], [NO_REP], [USER_STATUS], [NO_CLIENT], [DISPLAY_ORDER], [PARTIAL], [ALTER_ORDER_NUMBER], [COMMISSION_PERCENTAGE], [OFFSETTING], [SHORT], [TSTAMP_CANCEL], [USER_CANCEL], [BEHALF_CODE], [DESTINATION_CODE], [ORDER_DATE], [VALUE_DATE], [DISCRETIONARY_PRICE], [CODED_TRAILER], [ADJUSTMENT], [COMMISSION_CODE], [GROSS_AMOUNT], [NO_TRANS], [POSTED], [ACC_NAME], [IA_NAME], [SEC_DESC_L1], [SEC_DESC_L2], [CHARAC], [TRADE_TYPE], [SETTLED_DATE], [CLIENT_TRADE_BASIS], [MARKET], [INVENTORY_CODE], [SUPPLEMENTARY_NOTE], [YIELD_ANNUAL], [YIELD_S_ANNUAL], [SECURITY_TO], [DISTRIBUTION], [LOAD_PERCENTAGE], [IS_WASH], [RATE_TYPE], [TSTAMP_VERIFY], [USER_VERIFY], [BLOTTER_DATE], [SUP_ID], [SOURCE_TYPE], [SOURCE_DATA], [EXPORT_DEF_ID], [FRONT_END], [CONTRACT_EXCEPTION], [ICEBERG], [ORIGINAL_ORDER_ID], [TRADER_TYPE], [SUB_SEQ_NUM], [SHORT_SELL], [ANONYMOUS], [SYMBOLTO], [EXCHANGETO_ID], [RATE_INTERNAL_NUMBER], [SECUFIRM], [EXEC_QUANTITY_INTRADAY], [CONTENT_TYPE], [CONTENT_DATA], [PLATFORM_TYPE], [IS_MANUAL_ORDER_HANDLING], [QUANTITY_UNSOLICITED], [SUPPLIER_MARKET], [FACTEUR], [PRINFACT], [AFF_DECIMAL], [AFF_FACT], [ORDER_TYPE]) VALUES (10495, 'CAD_ACCOUNT', 4505, 109.000, 109.000, 'Q', 0, 0.00000000, 28.00000000, NULL, 'CAD', 0.00000000, '0', 'CROESUS1_10495', 10, 40, '2020-10-08 12:18:36', 291, NULL, 1, '2020-10-08 00:00:00', 0, 0.00000000, 0.00, 0, '2020-10-08 12:08:50', NULL, NULL, 'N', 'N', 'Y', NULL, 'T', NULL, '0', NULL, NULL, 'N', 'N', 'NA', 1, '2020-10-08 12:18:36', 20, 0, 40, 'BD88', 0, NULL, 30, '0', NULL, NULL, NULL, 'N', NULL, NULL, NULL, NULL, '2020-10-08 00:00:00', NULL, NULL, NULL, NULL, NULL, 0.00, NULL, 'N', NULL, NULL, 'BANQUE NATIONALE DU CDA', 'NATIONAL BANK OF CDA', NULL, 2, '2020-10-14 00:00:00', 'P', 'TU', NULL, NULL, NULL, NULL, NULL, NULL, NULL, 'N', NULL, '2020-10-08 12:18:36', 0, '2020-10-08 00:00:00', 5, 4, NULL, NULL, NULL, NULL, NULL, NULL, NULL, NULL, NULL, NULL, NULL, NULL, NULL, '460009', NULL, 1, NULL, NULL, NULL, NULL, 'TO', 1, 1.00000000, 0, NULL, 1)
SET IDENTITY_INSERT B_GDO_ORDER OFF

-- B_GDO_BLOCK_ACCOUNTS
DELETE FROM B_GDO_BLOCK_ACCOUNTS WHERE GDODER_ID = 10495
INSERT INTO B_GDO_BLOCK_ACCOUNTS ([NO_COMPTE], [ACC_NAME], [QTY_ALLOCATED], [VALUE_ALLOCATED], [QTY_NEEDED], [GDODER_ID], [QTY_ALLOCATED_PHASE_ONE], [SOURCE_TYPE], [SOURCE_DATA], [QTY_ALLOCATED_INTRADAY], [REP_ID]) VALUES ('800049-OB', 'PINARD CATHARINA', 109.000000, NULL, 109.000000, 10495, NULL, 4, NULL, NULL, 40)

-- B_GDO_MESSAGELOG
SET IDENTITY_INSERT B_GDO_MESSAGELOG ON
DELETE FROM B_GDO_MESSAGELOG WHERE ORDER_ID = 10495
INSERT INTO B_GDO_MESSAGELOG ([MESSAGE_LOG_ID], [ORDER_ID], [STATUS], [USER_NUM], [DATE], [MESSAGE_OLD], [Visibility], [MESSAGE]) VALUES (226658, 10495, 70, 0, '2020-10-08 12:18:35', NULL, 1, '[Converted to block trade]. {OrdId:10495,Created:UNI00,Src:SingleTrade,Qty:109,000,SecId:4505,Market:TSE,Market}')
INSERT INTO B_GDO_MESSAGELOG ([MESSAGE_LOG_ID], [ORDER_ID], [STATUS], [USER_NUM], [DATE], [MESSAGE_OLD], [Visibility], [MESSAGE]) VALUES (226659, 10495, 70, 0, '2020-10-08 12:18:35', NULL, 1, '[Order saved]. {OrdId:10495,Created:UNI00,Src:SingleTrade,Qty:109,000,SecId:4505,Market:TSE,Market}')
INSERT INTO B_GDO_MESSAGELOG ([MESSAGE_LOG_ID], [ORDER_ID], [STATUS], [USER_NUM], [DATE], [MESSAGE_OLD], [Visibility], [MESSAGE]) VALUES (226678, 10495, 130, 0, '2020-10-08 12:18:36', NULL, 1, '[Order pending approval]. original status: Saved')
INSERT INTO B_GDO_MESSAGELOG ([MESSAGE_LOG_ID], [ORDER_ID], [STATUS], [USER_NUM], [DATE], [MESSAGE_OLD], [Visibility], [MESSAGE]) VALUES (226679, 10495, 130, 0, '2020-10-08 12:18:36', NULL, 0, NULL)
INSERT INTO B_GDO_MESSAGELOG ([MESSAGE_LOG_ID], [ORDER_ID], [STATUS], [USER_NUM], [DATE], [MESSAGE_OLD], [Visibility], [MESSAGE]) VALUES (226687, 10495, 10, 0, '2020-10-08 12:18:36', NULL, 0, NULL)
INSERT INTO B_GDO_MESSAGELOG ([MESSAGE_LOG_ID], [ORDER_ID], [STATUS], [USER_NUM], [DATE], [MESSAGE_OLD], [Visibility], [MESSAGE]) VALUES (226694, 10495, 40, 0, '2020-10-08 12:18:36', NULL, 0, '109 @ 28 CROESUS1_10495')
INSERT INTO B_GDO_MESSAGELOG ([MESSAGE_LOG_ID], [ORDER_ID], [STATUS], [USER_NUM], [DATE], [MESSAGE_OLD], [Visibility], [MESSAGE]) VALUES (226695, 10495, 40, 0, '2020-10-08 12:18:36', NULL, 1, '[Filled by Automatic]. fillQty:109, fid Status:Executed, ord Status:Executed')
SET IDENTITY_INSERT B_GDO_MESSAGELOG OFF

-- B_GDO_FILL
SET IDENTITY_INSERT B_GDO_FILL ON
DELETE FROM B_GDO_FILL WHERE WIRE_NUMBER = 'CROESUS1_10495'
INSERT INTO B_GDO_FILL ([GDOFILL_ID], [WIRE_NUMBER], [SUB_WIRE_NUMBER], [TSTAMP_CREATE], [TSTAMP_EXEC], [SETTLED_DATE], [CLIENT_TRADE_BASIS], [MARKET], [EXPORT_DEF_ID], [QUANTITY], [PRICE], [PRICE_IA], [STATUS], [RATE], [RATE_TYPE], [IS_WASH], [CODED_TRAILER], [SUPPLEMENTARY_NOTE], [INVENTORY_CODE], [YIELD_ANNUAL], [YIELD_S_ANNUAL], [SUPPLIER_MARKET]) VALUES (108388, 'CROESUS1_10495', '13', '2020-10-08 12:18:36', '2020-10-08 12:18:36', '2020-10-14 00:00:00', 'P', 'TU', NULL, 109.000, 28.00000000, 0.00000000, 40, 0.00000000, NULL, NULL, NULL, NULL, NULL, NULL, NULL, 'TO')
SET IDENTITY_INSERT B_GDO_FILL OFF

-- B_GDO_ORDERNOTES
DELETE FROM B_GDO_ORDERNOTES WHERE GDODER_ID = 10495
INSERT INTO B_GDO_ORDERNOTES ([GDODER_ID], [NOTE_ID], [NOTE_TYPE], [TIME_STAMP]) VALUES (10495, 4357, 8, NULL)
INSERT INTO B_GDO_ORDERNOTES ([GDODER_ID], [NOTE_ID], [NOTE_TYPE], [TIME_STAMP]) VALUES (10495, 4374, 101, NULL)
INSERT INTO B_GDO_ORDERNOTES ([GDODER_ID], [NOTE_ID], [NOTE_TYPE], [TIME_STAMP]) VALUES (10495, 4375, 102, NULL)

-- B_NOTE
SET IDENTITY_INSERT B_NOTE ON
DELETE FROM B_NOTE WHERE NOTE_ID = 4357
INSERT INTO B_NOTE ([NOTE_ID], [COMMNOTE], [USER_NUM], [DATE_CREAT], [DATE_MAJ], [IS_REVIEW], [EFFECTIVE_DATE]) VALUES (4357, '??A;F(109,28)', NULL, NULL, NULL, NULL, NULL)
DELETE FROM B_NOTE WHERE NOTE_ID = 4374
INSERT INTO B_NOTE ([NOTE_ID], [COMMNOTE], [USER_NUM], [DATE_CREAT], [DATE_MAJ], [IS_REVIEW], [EFFECTIVE_DATE]) VALUES (4374, '''12''''13''', NULL, NULL, NULL, NULL, NULL)
DELETE FROM B_NOTE WHERE NOTE_ID = 4375
INSERT INTO B_NOTE ([NOTE_ID], [COMMNOTE], [USER_NUM], [DATE_CREAT], [DATE_MAJ], [IS_REVIEW], [EFFECTIVE_DATE]) VALUES (4375, '
8.FIX.4.2_SOH_9.218_SOH_35.D_SOH_34.1470_SOH_49.CROESUS_SOH_50.UNI00_SOH_52.20201008-16:18:36.337_SOH_56.NBFG_SOH_1.CAD_ACCOUNT_SOH_11.CROESUS1_10495_SOH_15.CAD_SOH_21.3_SOH_22.1_SOH_38.109_SOH_40.1_SOH_47.A_SOH_48.633067103_SOH_54.1_SOH_55.NA_SOH_58.??A;F(109,28)_SOH_59.0_SOH_60.20201008-16:18:36.335_SOH_207.TO_SOH_6750.CL_SOH_10.175_SOH_', NULL, NULL, NULL, NULL, NULL)
SET IDENTITY_INSERT B_NOTE OFF

COMMIT TRANSACTION
END

-- ***********************************
-- Order ID : 10493
-- ***********************************
IF(NOT EXISTS(SELECT 1 FROM B_GDO_ORDER WHERE GDODER_ID = 10493) OR '2020-10-08 12:18:38' >= (SELECT TSTAMP_STATUS FROM B_GDO_ORDER WHERE GDODER_ID = 10493))
BEGIN
BEGIN TRANSACTION

-- B_GDO_ORDER
SET IDENTITY_INSERT B_GDO_ORDER ON
DELETE FROM B_GDO_ORDER WHERE GDODER_ID = 10493
INSERT INTO B_GDO_ORDER ([GDODER_ID], [NO_COMPTE], [SECURITY], [QUANTITY], [EXEC_QUANTITY], [QUANTITY_TYPE], [REQUIREMENT], [PRICE], [EXEC_PRICE], [RATE], [CURRENCY], [PRICE_IA], [PRICE_TYPE], [WIRE_NUMBER], [TYPE], [STATUS], [TSTAMP_EXEC], [EXCHANGE_ID], [ROUTING_ID], [EXP_TYPE], [EXP_DATE], [STOP_TYPE], [STOP_PRICE], [COMMISSION], [USER_CREATE], [TSTAMP_CREATE], [USER_CFO], [TSTAMP_CFO], [CANCEL], [AFTER_HOURS], [SOLICIT], [STOP], [COMM_TYPE], [HOLD_MAIL], [NOTE_TYPE], [COMM_REP_ID], [COMM_IA], [PRO], [PRO_TYPE], [ORDER_SYMBOL], [FIN_INSTRUMENT], [TSTAMP_STATUS], [TYPEOFCOMM], [COVERED], [REP_ID], [NO_REP], [USER_STATUS], [NO_CLIENT], [DISPLAY_ORDER], [PARTIAL], [ALTER_ORDER_NUMBER], [COMMISSION_PERCENTAGE], [OFFSETTING], [SHORT], [TSTAMP_CANCEL], [USER_CANCEL], [BEHALF_CODE], [DESTINATION_CODE], [ORDER_DATE], [VALUE_DATE], [DISCRETIONARY_PRICE], [CODED_TRAILER], [ADJUSTMENT], [COMMISSION_CODE], [GROSS_AMOUNT], [NO_TRANS], [POSTED], [ACC_NAME], [IA_NAME], [SEC_DESC_L1], [SEC_DESC_L2], [CHARAC], [TRADE_TYPE], [SETTLED_DATE], [CLIENT_TRADE_BASIS], [MARKET], [INVENTORY_CODE], [SUPPLEMENTARY_NOTE], [YIELD_ANNUAL], [YIELD_S_ANNUAL], [SECURITY_TO], [DISTRIBUTION], [LOAD_PERCENTAGE], [IS_WASH], [RATE_TYPE], [TSTAMP_VERIFY], [USER_VERIFY], [BLOTTER_DATE], [SUP_ID], [SOURCE_TYPE], [SOURCE_DATA], [EXPORT_DEF_ID], [FRONT_END], [CONTRACT_EXCEPTION], [ICEBERG], [ORIGINAL_ORDER_ID], [TRADER_TYPE], [SUB_SEQ_NUM], [SHORT_SELL], [ANONYMOUS], [SYMBOLTO], [EXCHANGETO_ID], [RATE_INTERNAL_NUMBER], [SECUFIRM], [EXEC_QUANTITY_INTRADAY], [CONTENT_TYPE], [CONTENT_DATA], [PLATFORM_TYPE], [IS_MANUAL_ORDER_HANDLING], [QUANTITY_UNSOLICITED], [SUPPLIER_MARKET], [FACTEUR], [PRINFACT], [AFF_DECIMAL], [AFF_FACT], [ORDER_TYPE]) VALUES (10493, 'USD_ACCOUNT', 4348, 107.000, 0.000, 'Q', 0, 0.00000000, 0.00000000, 0.00000000, 'USD', 0.00000000, '0', 'CROESUS1_10493', 10, 20, NULL, 195, NULL, 1, '2020-10-08 00:00:00', 0, 0.00000000, 0.00, 0, '2020-10-08 12:08:50', NULL, NULL, 'N', 'N', 'Y', NULL, 'T', NULL, '0', NULL, NULL, 'N', 'N', 'MSFT', 1, '2020-10-08 12:18:38', 20, 0, 13, 'AC42', 0, NULL, 15, '0', NULL, NULL, NULL, 'N', NULL, NULL, NULL, NULL, '2020-10-08 00:00:00', NULL, NULL, NULL, NULL, NULL, 0.00, NULL, 'N', NULL, NULL, 'MICROSOFT CORP', 'MICROSOFT CORP', NULL, 2, NULL, 'A', NULL, NULL, NULL, NULL, NULL, NULL, NULL, NULL, 'N', NULL, '2020-10-08 12:18:36', 0, '2020-10-08 00:00:00', 5, 4, NULL, NULL, NULL, NULL, NULL, NULL, NULL, NULL, NULL, NULL, NULL, NULL, NULL, '437843', NULL, 1, NULL, NULL, NULL, NULL, NULL, 1, 1.00000000, 0, NULL, 1)
SET IDENTITY_INSERT B_GDO_ORDER OFF

-- B_GDO_BLOCK_ACCOUNTS
DELETE FROM B_GDO_BLOCK_ACCOUNTS WHERE GDODER_ID = 10493
INSERT INTO B_GDO_BLOCK_ACCOUNTS ([NO_COMPTE], [ACC_NAME], [QTY_ALLOCATED], [VALUE_ALLOCATED], [QTY_NEEDED], [GDODER_ID], [QTY_ALLOCATED_PHASE_ONE], [SOURCE_TYPE], [SOURCE_DATA], [QTY_ALLOCATED_INTRADAY], [REP_ID]) VALUES ('800207-RE', 'BLOOMFIELD BLUMA', 0.000000, NULL, 107.000000, 10493, NULL, 4, NULL, NULL, 13)

-- B_GDO_MESSAGELOG
SET IDENTITY_INSERT B_GDO_MESSAGELOG ON
DELETE FROM B_GDO_MESSAGELOG WHERE ORDER_ID = 10493
INSERT INTO B_GDO_MESSAGELOG ([MESSAGE_LOG_ID], [ORDER_ID], [STATUS], [USER_NUM], [DATE], [MESSAGE_OLD], [Visibility], [MESSAGE]) VALUES (226654, 10493, 70, 0, '2020-10-08 12:18:35', NULL, 1, '[Converted to block trade]. {OrdId:10493,Created:UNI00,Src:SingleTrade,Qty:107,000,SecId:4348,Market:NAS,Market}')
INSERT INTO B_GDO_MESSAGELOG ([MESSAGE_LOG_ID], [ORDER_ID], [STATUS], [USER_NUM], [DATE], [MESSAGE_OLD], [Visibility], [MESSAGE]) VALUES (226655, 10493, 70, 0, '2020-10-08 12:18:35', NULL, 1, '[Order saved]. {OrdId:10493,Created:UNI00,Src:SingleTrade,Qty:107,000,SecId:4348,Market:NAS,Market}')
INSERT INTO B_GDO_MESSAGELOG ([MESSAGE_LOG_ID], [ORDER_ID], [STATUS], [USER_NUM], [DATE], [MESSAGE_OLD], [Visibility], [MESSAGE]) VALUES (226672, 10493, 130, 0, '2020-10-08 12:18:36', NULL, 1, '[Order pending approval]. original status: Saved')
INSERT INTO B_GDO_MESSAGELOG ([MESSAGE_LOG_ID], [ORDER_ID], [STATUS], [USER_NUM], [DATE], [MESSAGE_OLD], [Visibility], [MESSAGE]) VALUES (226673, 10493, 130, 0, '2020-10-08 12:18:36', NULL, 0, NULL)
INSERT INTO B_GDO_MESSAGELOG ([MESSAGE_LOG_ID], [ORDER_ID], [STATUS], [USER_NUM], [DATE], [MESSAGE_OLD], [Visibility], [MESSAGE]) VALUES (226685, 10493, 10, 0, '2020-10-08 12:18:36', NULL, 0, NULL)
INSERT INTO B_GDO_MESSAGELOG ([MESSAGE_LOG_ID], [ORDER_ID], [STATUS], [USER_NUM], [DATE], [MESSAGE_OLD], [Visibility], [MESSAGE]) VALUES (226696, 10493, 20, 0, '2020-10-08 12:18:38', NULL, 1, '[Expired by Automatic](Symbol changed). ord Status:Expired')
INSERT INTO B_GDO_MESSAGELOG ([MESSAGE_LOG_ID], [ORDER_ID], [STATUS], [USER_NUM], [DATE], [MESSAGE_OLD], [Visibility], [MESSAGE]) VALUES (226697, 10493, 20, 0, '2020-10-08 12:18:38', NULL, 0, 'Symbol changed')
SET IDENTITY_INSERT B_GDO_MESSAGELOG OFF

-- B_GDO_FILL

-- B_GDO_ORDERNOTES
DELETE FROM B_GDO_ORDERNOTES WHERE GDODER_ID = 10493
INSERT INTO B_GDO_ORDERNOTES ([GDODER_ID], [NOTE_ID], [NOTE_TYPE], [TIME_STAMP]) VALUES (10493, 4355, 8, NULL)
INSERT INTO B_GDO_ORDERNOTES ([GDODER_ID], [NOTE_ID], [NOTE_TYPE], [TIME_STAMP]) VALUES (10493, 4370, 101, NULL)
INSERT INTO B_GDO_ORDERNOTES ([GDODER_ID], [NOTE_ID], [NOTE_TYPE], [TIME_STAMP]) VALUES (10493, 4371, 102, NULL)

-- B_NOTE
SET IDENTITY_INSERT B_NOTE ON
DELETE FROM B_NOTE WHERE NOTE_ID = 4355
INSERT INTO B_NOTE ([NOTE_ID], [COMMNOTE], [USER_NUM], [DATE_CREAT], [DATE_MAJ], [IS_REVIEW], [EFFECTIVE_DATE]) VALUES (4355, '??A;S(2000);E', NULL, NULL, NULL, NULL, NULL)
DELETE FROM B_NOTE WHERE NOTE_ID = 4370
INSERT INTO B_NOTE ([NOTE_ID], [COMMNOTE], [USER_NUM], [DATE_CREAT], [DATE_MAJ], [IS_REVIEW], [EFFECTIVE_DATE]) VALUES (4370, '''9''''14''', NULL, NULL, NULL, NULL, NULL)
DELETE FROM B_NOTE WHERE NOTE_ID = 4371
INSERT INTO B_NOTE ([NOTE_ID], [COMMNOTE], [USER_NUM], [DATE_CREAT], [DATE_MAJ], [IS_REVIEW], [EFFECTIVE_DATE]) VALUES (4371, '
8.FIX.4.2_SOH_9.224_SOH_35.D_SOH_34.1468_SOH_49.CROESUS_SOH_50.UNI00_SOH_52.20201008-16:18:36.190_SOH_56.NBFG_SOH_1.USD_ACCOUNT_SOH_11.CROESUS1_10493_SOH_15.USD_SOH_18.5_SOH_21.3_SOH_22.1_SOH_38.107_SOH_40.1_SOH_47.A_SOH_48.594918104_SOH_54.1_SOH_55.MSFT_SOH_58.??A;S(2000);E_SOH_59.0_SOH_60.20201008-16:18:36.189_SOH_207.O_SOH_6750.CL_SOH_10.089_SOH_', NULL, NULL, NULL, NULL, NULL)
SET IDENTITY_INSERT B_NOTE OFF

COMMIT TRANSACTION
END

-- ***********************************
-- Order ID : 10491
-- ***********************************
IF(NOT EXISTS(SELECT 1 FROM B_GDO_ORDER WHERE GDODER_ID = 10491) OR '2020-10-08 12:19:23' >= (SELECT TSTAMP_STATUS FROM B_GDO_ORDER WHERE GDODER_ID = 10491))
BEGIN
BEGIN TRANSACTION

-- B_GDO_ORDER
SET IDENTITY_INSERT B_GDO_ORDER ON
DELETE FROM B_GDO_ORDER WHERE GDODER_ID = 10491
INSERT INTO B_GDO_ORDER ([GDODER_ID], [NO_COMPTE], [SECURITY], [QUANTITY], [EXEC_QUANTITY], [QUANTITY_TYPE], [REQUIREMENT], [PRICE], [EXEC_PRICE], [RATE], [CURRENCY], [PRICE_IA], [PRICE_TYPE], [WIRE_NUMBER], [TYPE], [STATUS], [TSTAMP_EXEC], [EXCHANGE_ID], [ROUTING_ID], [EXP_TYPE], [EXP_DATE], [STOP_TYPE], [STOP_PRICE], [COMMISSION], [USER_CREATE], [TSTAMP_CREATE], [USER_CFO], [TSTAMP_CFO], [CANCEL], [AFTER_HOURS], [SOLICIT], [STOP], [COMM_TYPE], [HOLD_MAIL], [NOTE_TYPE], [COMM_REP_ID], [COMM_IA], [PRO], [PRO_TYPE], [ORDER_SYMBOL], [FIN_INSTRUMENT], [TSTAMP_STATUS], [TYPEOFCOMM], [COVERED], [REP_ID], [NO_REP], [USER_STATUS], [NO_CLIENT], [DISPLAY_ORDER], [PARTIAL], [ALTER_ORDER_NUMBER], [COMMISSION_PERCENTAGE], [OFFSETTING], [SHORT], [TSTAMP_CANCEL], [USER_CANCEL], [BEHALF_CODE], [DESTINATION_CODE], [ORDER_DATE], [VALUE_DATE], [DISCRETIONARY_PRICE], [CODED_TRAILER], [ADJUSTMENT], [COMMISSION_CODE], [GROSS_AMOUNT], [NO_TRANS], [POSTED], [ACC_NAME], [IA_NAME], [SEC_DESC_L1], [SEC_DESC_L2], [CHARAC], [TRADE_TYPE], [SETTLED_DATE], [CLIENT_TRADE_BASIS], [MARKET], [INVENTORY_CODE], [SUPPLEMENTARY_NOTE], [YIELD_ANNUAL], [YIELD_S_ANNUAL], [SECURITY_TO], [DISTRIBUTION], [LOAD_PERCENTAGE], [IS_WASH], [RATE_TYPE], [TSTAMP_VERIFY], [USER_VERIFY], [BLOTTER_DATE], [SUP_ID], [SOURCE_TYPE], [SOURCE_DATA], [EXPORT_DEF_ID], [FRONT_END], [CONTRACT_EXCEPTION], [ICEBERG], [ORIGINAL_ORDER_ID], [TRADER_TYPE], [SUB_SEQ_NUM], [SHORT_SELL], [ANONYMOUS], [SYMBOLTO], [EXCHANGETO_ID], [RATE_INTERNAL_NUMBER], [SECUFIRM], [EXEC_QUANTITY_INTRADAY], [CONTENT_TYPE], [CONTENT_DATA], [PLATFORM_TYPE], [IS_MANUAL_ORDER_HANDLING], [QUANTITY_UNSOLICITED], [SUPPLIER_MARKET], [FACTEUR], [PRINFACT], [AFF_DECIMAL], [AFF_FACT], [ORDER_TYPE]) VALUES (10491, 'USD_ACCOUNT', 4348, 105.000, 0.000, 'Q', 0, 0.00000000, 0.00000000, 0.00000000, 'USD', 0.00000000, '0', 'CROESUS1_10491', 10, 80, NULL, 195, NULL, 1, '2020-10-08 00:00:00', 0, 0.00000000, 0.00, 0, '2020-10-08 12:08:50', NULL, NULL, 'Y', 'N', 'Y', NULL, 'T', NULL, '0', NULL, NULL, 'N', 'N', 'MSFT', 1, '2020-10-08 12:19:23', 20, 0, 13, 'AC42', 0, NULL, 40, '0', NULL, NULL, NULL, 'N', NULL, NULL, NULL, NULL, '2020-10-08 00:00:00', NULL, NULL, NULL, NULL, NULL, 0.00, NULL, 'N', NULL, NULL, 'MICROSOFT CORP', 'MICROSOFT CORP', NULL, 2, NULL, 'A', NULL, NULL, NULL, NULL, NULL, NULL, NULL, NULL, 'N', NULL, '2020-10-08 12:18:36', 0, '2020-10-08 00:00:00', 5, 4, NULL, NULL, NULL, NULL, NULL, NULL, NULL, NULL, NULL, NULL, NULL, NULL, NULL, '437843', NULL, 1, NULL, NULL, NULL, NULL, NULL, 1, 1.00000000, 0, NULL, 1)
SET IDENTITY_INSERT B_GDO_ORDER OFF

-- B_GDO_BLOCK_ACCOUNTS
DELETE FROM B_GDO_BLOCK_ACCOUNTS WHERE GDODER_ID = 10491
INSERT INTO B_GDO_BLOCK_ACCOUNTS ([NO_COMPTE], [ACC_NAME], [QTY_ALLOCATED], [VALUE_ALLOCATED], [QTY_NEEDED], [GDODER_ID], [QTY_ALLOCATED_PHASE_ONE], [SOURCE_TYPE], [SOURCE_DATA], [QTY_ALLOCATED_INTRADAY], [REP_ID]) VALUES ('800207-FS', 'BLOOMFIELD BLUMA', 0.000000, NULL, 105.000000, 10491, NULL, 4, NULL, NULL, 13)

-- B_GDO_MESSAGELOG
SET IDENTITY_INSERT B_GDO_MESSAGELOG ON
DELETE FROM B_GDO_MESSAGELOG WHERE ORDER_ID = 10491
INSERT INTO B_GDO_MESSAGELOG ([MESSAGE_LOG_ID], [ORDER_ID], [STATUS], [USER_NUM], [DATE], [MESSAGE_OLD], [Visibility], [MESSAGE]) VALUES (226650, 10491, 70, 0, '2020-10-08 12:18:34', NULL, 1, '[Converted to block trade]. {OrdId:10491,Created:UNI00,Src:SingleTrade,Qty:105,000,SecId:4348,Market:NAS,Market}')
INSERT INTO B_GDO_MESSAGELOG ([MESSAGE_LOG_ID], [ORDER_ID], [STATUS], [USER_NUM], [DATE], [MESSAGE_OLD], [Visibility], [MESSAGE]) VALUES (226651, 10491, 70, 0, '2020-10-08 12:18:34', NULL, 1, '[Order saved]. {OrdId:10491,Created:UNI00,Src:SingleTrade,Qty:105,000,SecId:4348,Market:NAS,Market}')
INSERT INTO B_GDO_MESSAGELOG ([MESSAGE_LOG_ID], [ORDER_ID], [STATUS], [USER_NUM], [DATE], [MESSAGE_OLD], [Visibility], [MESSAGE]) VALUES (226668, 10491, 130, 0, '2020-10-08 12:18:36', NULL, 1, '[Order pending approval]. original status: Saved')
INSERT INTO B_GDO_MESSAGELOG ([MESSAGE_LOG_ID], [ORDER_ID], [STATUS], [USER_NUM], [DATE], [MESSAGE_OLD], [Visibility], [MESSAGE]) VALUES (226669, 10491, 130, 0, '2020-10-08 12:18:36', NULL, 0, NULL)
INSERT INTO B_GDO_MESSAGELOG ([MESSAGE_LOG_ID], [ORDER_ID], [STATUS], [USER_NUM], [DATE], [MESSAGE_OLD], [Visibility], [MESSAGE]) VALUES (226676, 10491, 10, 0, '2020-10-08 12:18:36', NULL, 0, NULL)
INSERT INTO B_GDO_MESSAGELOG ([MESSAGE_LOG_ID], [ORDER_ID], [STATUS], [USER_NUM], [DATE], [MESSAGE_OLD], [Visibility], [MESSAGE]) VALUES (226700, 10491, 80, 0, '2020-10-08 12:19:23', NULL, 1, '[Replaced by Automatic]. new Status:Inactive')
INSERT INTO B_GDO_MESSAGELOG ([MESSAGE_LOG_ID], [ORDER_ID], [STATUS], [USER_NUM], [DATE], [MESSAGE_OLD], [Visibility], [MESSAGE]) VALUES (226701, 10491, 80, 0, '2020-10-08 12:19:23', NULL, 0, 'CXL')
SET IDENTITY_INSERT B_GDO_MESSAGELOG OFF

-- B_GDO_FILL

-- B_GDO_ORDERNOTES
DELETE FROM B_GDO_ORDERNOTES WHERE GDODER_ID = 10491
INSERT INTO B_GDO_ORDERNOTES ([GDODER_ID], [NOTE_ID], [NOTE_TYPE], [TIME_STAMP]) VALUES (10491, 4353, 8, NULL)
INSERT INTO B_GDO_ORDERNOTES ([GDODER_ID], [NOTE_ID], [NOTE_TYPE], [TIME_STAMP]) VALUES (10491, 4358, 101, NULL)
INSERT INTO B_GDO_ORDERNOTES ([GDODER_ID], [NOTE_ID], [NOTE_TYPE], [TIME_STAMP]) VALUES (10491, 4360, 102, NULL)

-- B_NOTE
SET IDENTITY_INSERT B_NOTE ON
DELETE FROM B_NOTE WHERE NOTE_ID = 4353
INSERT INTO B_NOTE ([NOTE_ID], [COMMNOTE], [USER_NUM], [DATE_CREAT], [DATE_MAJ], [IS_REVIEW], [EFFECTIVE_DATE]) VALUES (4353, '??A|REP', NULL, NULL, NULL, NULL, NULL)
DELETE FROM B_NOTE WHERE NOTE_ID = 4358
INSERT INTO B_NOTE ([NOTE_ID], [COMMNOTE], [USER_NUM], [DATE_CREAT], [DATE_MAJ], [IS_REVIEW], [EFFECTIVE_DATE]) VALUES (4358, '''5''', NULL, NULL, NULL, NULL, NULL)
DELETE FROM B_NOTE WHERE NOTE_ID = 4360
INSERT INTO B_NOTE ([NOTE_ID], [COMMNOTE], [USER_NUM], [DATE_CREAT], [DATE_MAJ], [IS_REVIEW], [EFFECTIVE_DATE]) VALUES (4360, '
8.FIX.4.2_SOH_9.218_SOH_35.D_SOH_34.1466_SOH_49.CROESUS_SOH_50.UNI00_SOH_52.20201008-16:18:36.072_SOH_56.NBFG_SOH_1.USD_ACCOUNT_SOH_11.CROESUS1_10491_SOH_15.USD_SOH_18.5_SOH_21.3_SOH_22.1_SOH_38.105_SOH_40.1_SOH_47.A_SOH_48.594918104_SOH_54.1_SOH_55.MSFT_SOH_58.??A|REP_SOH_59.0_SOH_60.20201008-16:18:36.071_SOH_207.O_SOH_6750.CL_SOH_10.141_SOH_', NULL, NULL, NULL, NULL, NULL)
SET IDENTITY_INSERT B_NOTE OFF

COMMIT TRANSACTION
END

-- ***********************************
-- Order ID : 10496
-- ***********************************
IF(NOT EXISTS(SELECT 1 FROM B_GDO_ORDER WHERE GDODER_ID = 10496) OR '2020-10-08 12:19:23' >= (SELECT TSTAMP_STATUS FROM B_GDO_ORDER WHERE GDODER_ID = 10496))
BEGIN
BEGIN TRANSACTION

-- B_GDO_ORDER
SET IDENTITY_INSERT B_GDO_ORDER ON
DELETE FROM B_GDO_ORDER WHERE GDODER_ID = 10496
INSERT INTO B_GDO_ORDER ([GDODER_ID], [NO_COMPTE], [SECURITY], [QUANTITY], [EXEC_QUANTITY], [QUANTITY_TYPE], [REQUIREMENT], [PRICE], [EXEC_PRICE], [RATE], [CURRENCY], [PRICE_IA], [PRICE_TYPE], [WIRE_NUMBER], [TYPE], [STATUS], [TSTAMP_EXEC], [EXCHANGE_ID], [ROUTING_ID], [EXP_TYPE], [EXP_DATE], [STOP_TYPE], [STOP_PRICE], [COMMISSION], [USER_CREATE], [TSTAMP_CREATE], [USER_CFO], [TSTAMP_CFO], [CANCEL], [AFTER_HOURS], [SOLICIT], [STOP], [COMM_TYPE], [HOLD_MAIL], [NOTE_TYPE], [COMM_REP_ID], [COMM_IA], [PRO], [PRO_TYPE], [ORDER_SYMBOL], [FIN_INSTRUMENT], [TSTAMP_STATUS], [TYPEOFCOMM], [COVERED], [REP_ID], [NO_REP], [USER_STATUS], [NO_CLIENT], [DISPLAY_ORDER], [PARTIAL], [ALTER_ORDER_NUMBER], [COMMISSION_PERCENTAGE], [OFFSETTING], [SHORT], [TSTAMP_CANCEL], [USER_CANCEL], [BEHALF_CODE], [DESTINATION_CODE], [ORDER_DATE], [VALUE_DATE], [DISCRETIONARY_PRICE], [CODED_TRAILER], [ADJUSTMENT], [COMMISSION_CODE], [GROSS_AMOUNT], [NO_TRANS], [POSTED], [ACC_NAME], [IA_NAME], [SEC_DESC_L1], [SEC_DESC_L2], [CHARAC], [TRADE_TYPE], [SETTLED_DATE], [CLIENT_TRADE_BASIS], [MARKET], [INVENTORY_CODE], [SUPPLEMENTARY_NOTE], [YIELD_ANNUAL], [YIELD_S_ANNUAL], [SECURITY_TO], [DISTRIBUTION], [LOAD_PERCENTAGE], [IS_WASH], [RATE_TYPE], [TSTAMP_VERIFY], [USER_VERIFY], [BLOTTER_DATE], [SUP_ID], [SOURCE_TYPE], [SOURCE_DATA], [EXPORT_DEF_ID], [FRONT_END], [CONTRACT_EXCEPTION], [ICEBERG], [ORIGINAL_ORDER_ID], [TRADER_TYPE], [SUB_SEQ_NUM], [SHORT_SELL], [ANONYMOUS], [SYMBOLTO], [EXCHANGETO_ID], [RATE_INTERNAL_NUMBER], [SECUFIRM], [EXEC_QUANTITY_INTRADAY], [CONTENT_TYPE], [CONTENT_DATA], [PLATFORM_TYPE], [IS_MANUAL_ORDER_HANDLING], [QUANTITY_UNSOLICITED], [SUPPLIER_MARKET], [FACTEUR], [PRINFACT], [AFF_DECIMAL], [AFF_FACT], [ORDER_TYPE]) VALUES (10496, 'USD_ACCOUNT', 4348, 105.000, 0.000, 'Q', 0, 123.00000000, 0.00000000, 0.00000000, 'USD', 0.00000000, '1', 'CROESUS1_10491', 10, 10, NULL, 195, NULL, 1, '2020-10-08 00:00:00', 0, 0.00000000, 0.00, 0, '2020-10-08 12:08:50', 0, '2020-10-08 12:19:23', 'N', 'N', 'Y', NULL, 'T', NULL, '0', NULL, NULL, 'N', 'N', 'MSFT', 1, '2020-10-08 12:19:23', 20, 0, 13, 'AC42', 0, NULL, 5, '0', NULL, NULL, NULL, 'N', NULL, NULL, NULL, NULL, '2020-10-08 00:00:00', NULL, NULL, NULL, NULL, NULL, 0.00, NULL, 'N', NULL, NULL, 'MICROSOFT CORP', 'MICROSOFT CORP', NULL, 2, NULL, 'A', NULL, NULL, NULL, NULL, NULL, NULL, NULL, NULL, 'N', NULL, '2020-10-08 12:18:36', 0, '2020-10-08 00:00:00', 5, 4, NULL, NULL, NULL, NULL, NULL, NULL, NULL, NULL, NULL, NULL, NULL, NULL, NULL, '437843', NULL, 1, NULL, NULL, NULL, NULL, NULL, 1, 1.00000000, 0, NULL, 2)
SET IDENTITY_INSERT B_GDO_ORDER OFF

-- B_GDO_BLOCK_ACCOUNTS
DELETE FROM B_GDO_BLOCK_ACCOUNTS WHERE GDODER_ID = 10496
INSERT INTO B_GDO_BLOCK_ACCOUNTS ([NO_COMPTE], [ACC_NAME], [QTY_ALLOCATED], [VALUE_ALLOCATED], [QTY_NEEDED], [GDODER_ID], [QTY_ALLOCATED_PHASE_ONE], [SOURCE_TYPE], [SOURCE_DATA], [QTY_ALLOCATED_INTRADAY], [REP_ID]) VALUES ('800207-FS', 'BLOOMFIELD BLUMA', 0.000000, NULL, 105.000000, 10496, NULL, 4, NULL, NULL, 13)

-- B_GDO_MESSAGELOG
SET IDENTITY_INSERT B_GDO_MESSAGELOG ON
DELETE FROM B_GDO_MESSAGELOG WHERE ORDER_ID = 10496
INSERT INTO B_GDO_MESSAGELOG ([MESSAGE_LOG_ID], [ORDER_ID], [STATUS], [USER_NUM], [DATE], [MESSAGE_OLD], [Visibility], [MESSAGE]) VALUES (226698, 10496, 170, 0, '2020-10-08 12:19:23', NULL, 1, '[Copy For CFO done]. {OrdId:10496,Created:UNI00,Src:SingleTrade,Qty:105,000,SecId:4348,Market:NAS,Market}')
INSERT INTO B_GDO_MESSAGELOG ([MESSAGE_LOG_ID], [ORDER_ID], [STATUS], [USER_NUM], [DATE], [MESSAGE_OLD], [Visibility], [MESSAGE]) VALUES (226699, 10496, 80, 0, '2020-10-08 12:19:23', NULL, 0, 'CFO')
INSERT INTO B_GDO_MESSAGELOG ([MESSAGE_LOG_ID], [ORDER_ID], [STATUS], [USER_NUM], [DATE], [MESSAGE_OLD], [Visibility], [MESSAGE]) VALUES (226702, 10496, 10, 0, '2020-10-08 12:19:23', NULL, 1, '[Replaced by Automatic]. new Status:Open')
INSERT INTO B_GDO_MESSAGELOG ([MESSAGE_LOG_ID], [ORDER_ID], [STATUS], [USER_NUM], [DATE], [MESSAGE_OLD], [Visibility], [MESSAGE]) VALUES (226703, 10496, 10, 0, '2020-10-08 12:19:23', NULL, 0, NULL)
SET IDENTITY_INSERT B_GDO_MESSAGELOG OFF

-- B_GDO_FILL

-- B_GDO_ORDERNOTES
DELETE FROM B_GDO_ORDERNOTES WHERE GDODER_ID = 10496
INSERT INTO B_GDO_ORDERNOTES ([GDODER_ID], [NOTE_ID], [NOTE_TYPE], [TIME_STAMP]) VALUES (10496, 4376, 8, NULL)
INSERT INTO B_GDO_ORDERNOTES ([GDODER_ID], [NOTE_ID], [NOTE_TYPE], [TIME_STAMP]) VALUES (10496, 4377, 101, NULL)
INSERT INTO B_GDO_ORDERNOTES ([GDODER_ID], [NOTE_ID], [NOTE_TYPE], [TIME_STAMP]) VALUES (10496, 4378, 102, NULL)
INSERT INTO B_GDO_ORDERNOTES ([GDODER_ID], [NOTE_ID], [NOTE_TYPE], [TIME_STAMP]) VALUES (10496, 4379, 103, NULL)

-- B_NOTE
SET IDENTITY_INSERT B_NOTE ON
DELETE FROM B_NOTE WHERE NOTE_ID = 4376
INSERT INTO B_NOTE ([NOTE_ID], [COMMNOTE], [USER_NUM], [DATE_CREAT], [DATE_MAJ], [IS_REVIEW], [EFFECTIVE_DATE]) VALUES (4376, '??A|REP', NULL, NULL, NULL, NULL, NULL)
DELETE FROM B_NOTE WHERE NOTE_ID = 4377
INSERT INTO B_NOTE ([NOTE_ID], [COMMNOTE], [USER_NUM], [DATE_CREAT], [DATE_MAJ], [IS_REVIEW], [EFFECTIVE_DATE]) VALUES (4377, '''5''''15''', NULL, NULL, NULL, NULL, NULL)
DELETE FROM B_NOTE WHERE NOTE_ID = 4378
INSERT INTO B_NOTE ([NOTE_ID], [COMMNOTE], [USER_NUM], [DATE_CREAT], [DATE_MAJ], [IS_REVIEW], [EFFECTIVE_DATE]) VALUES (4378, '
8.FIX.4.2_SOH_9.218_SOH_35.D_SOH_34.1466_SOH_49.CROESUS_SOH_50.UNI00_SOH_52.20201008-16:18:36.072_SOH_56.NBFG_SOH_1.USD_ACCOUNT_SOH_11.CROESUS1_10491_SOH_15.USD_SOH_18.5_SOH_21.3_SOH_22.1_SOH_38.105_SOH_40.1_SOH_47.A_SOH_48.594918104_SOH_54.1_SOH_55.MSFT_SOH_58.??A|REP_SOH_59.0_SOH_60.20201008-16:18:36.071_SOH_207.O_SOH_6750.CL_SOH_10.141_SOH_
8.FIX.4.2_SOH_9.243_SOH_35.G_SOH_34.1471_SOH_49.CROESUS_SOH_50.UNI00_SOH_52.20201008-16:19:23.593_SOH_56.NBFG_SOH_1.USD_ACCOUNT_SOH_11.CROESUS1_10496_SOH_15.USD_SOH_18.5_SOH_21.3_SOH_22.1_SOH_38.105_SOH_40.2_SOH_41.CROESUS1_10491_SOH_44.123_SOH_47.A_SOH_48.594918104_SOH_54.1_SOH_55.MSFT_SOH_58.??A|REP_SOH_59.0_SOH_60.20201008-16:19:23.528_SOH_207.O_SOH_6750.CL_SOH_10.043_SOH_', NULL, NULL, NULL, NULL, NULL)
DELETE FROM B_NOTE WHERE NOTE_ID = 4379
INSERT INTO B_NOTE ([NOTE_ID], [COMMNOTE], [USER_NUM], [DATE_CREAT], [DATE_MAJ], [IS_REVIEW], [EFFECTIVE_DATE]) VALUES (4379, '10491', NULL, NULL, NULL, NULL, NULL)
SET IDENTITY_INSERT B_NOTE OFF

COMMIT TRANSACTION
END

-- ***********************************
-- Order ID : 10490
-- ***********************************
IF(NOT EXISTS(SELECT 1 FROM B_GDO_ORDER WHERE GDODER_ID = 10490) OR '2020-10-08 12:19:37' >= (SELECT TSTAMP_STATUS FROM B_GDO_ORDER WHERE GDODER_ID = 10490))
BEGIN
BEGIN TRANSACTION

-- B_GDO_ORDER
SET IDENTITY_INSERT B_GDO_ORDER ON
DELETE FROM B_GDO_ORDER WHERE GDODER_ID = 10490
INSERT INTO B_GDO_ORDER ([GDODER_ID], [NO_COMPTE], [SECURITY], [QUANTITY], [EXEC_QUANTITY], [QUANTITY_TYPE], [REQUIREMENT], [PRICE], [EXEC_PRICE], [RATE], [CURRENCY], [PRICE_IA], [PRICE_TYPE], [WIRE_NUMBER], [TYPE], [STATUS], [TSTAMP_EXEC], [EXCHANGE_ID], [ROUTING_ID], [EXP_TYPE], [EXP_DATE], [STOP_TYPE], [STOP_PRICE], [COMMISSION], [USER_CREATE], [TSTAMP_CREATE], [USER_CFO], [TSTAMP_CFO], [CANCEL], [AFTER_HOURS], [SOLICIT], [STOP], [COMM_TYPE], [HOLD_MAIL], [NOTE_TYPE], [COMM_REP_ID], [COMM_IA], [PRO], [PRO_TYPE], [ORDER_SYMBOL], [FIN_INSTRUMENT], [TSTAMP_STATUS], [TYPEOFCOMM], [COVERED], [REP_ID], [NO_REP], [USER_STATUS], [NO_CLIENT], [DISPLAY_ORDER], [PARTIAL], [ALTER_ORDER_NUMBER], [COMMISSION_PERCENTAGE], [OFFSETTING], [SHORT], [TSTAMP_CANCEL], [USER_CANCEL], [BEHALF_CODE], [DESTINATION_CODE], [ORDER_DATE], [VALUE_DATE], [DISCRETIONARY_PRICE], [CODED_TRAILER], [ADJUSTMENT], [COMMISSION_CODE], [GROSS_AMOUNT], [NO_TRANS], [POSTED], [ACC_NAME], [IA_NAME], [SEC_DESC_L1], [SEC_DESC_L2], [CHARAC], [TRADE_TYPE], [SETTLED_DATE], [CLIENT_TRADE_BASIS], [MARKET], [INVENTORY_CODE], [SUPPLEMENTARY_NOTE], [YIELD_ANNUAL], [YIELD_S_ANNUAL], [SECURITY_TO], [DISTRIBUTION], [LOAD_PERCENTAGE], [IS_WASH], [RATE_TYPE], [TSTAMP_VERIFY], [USER_VERIFY], [BLOTTER_DATE], [SUP_ID], [SOURCE_TYPE], [SOURCE_DATA], [EXPORT_DEF_ID], [FRONT_END], [CONTRACT_EXCEPTION], [ICEBERG], [ORIGINAL_ORDER_ID], [TRADER_TYPE], [SUB_SEQ_NUM], [SHORT_SELL], [ANONYMOUS], [SYMBOLTO], [EXCHANGETO_ID], [RATE_INTERNAL_NUMBER], [SECUFIRM], [EXEC_QUANTITY_INTRADAY], [CONTENT_TYPE], [CONTENT_DATA], [PLATFORM_TYPE], [IS_MANUAL_ORDER_HANDLING], [QUANTITY_UNSOLICITED], [SUPPLIER_MARKET], [FACTEUR], [PRINFACT], [AFF_DECIMAL], [AFF_FACT], [ORDER_TYPE]) VALUES (10490, 'USD_ACCOUNT', 4348, 104.000, 0.000, 'Q', 0, 0.00000000, 0.00000000, 0.00000000, 'USD', 0.00000000, '0', 'CROESUS1_10490', 10, 60, NULL, 195, NULL, 1, '2020-10-08 00:00:00', 0, 0.00000000, 0.00, 0, '2020-10-08 12:08:50', NULL, NULL, 'Y', 'N', 'Y', NULL, 'T', NULL, '0', NULL, NULL, 'N', 'N', 'MSFT', 1, '2020-10-08 12:19:37', 20, 0, 13, 'AC42', 0, NULL, 20, '0', NULL, NULL, NULL, 'N', '2020-10-08 12:19:37', 0, NULL, NULL, '2020-10-08 00:00:00', NULL, NULL, NULL, NULL, NULL, 0.00, NULL, 'N', NULL, NULL, 'MICROSOFT CORP', 'MICROSOFT CORP', NULL, 2, NULL, 'A', NULL, NULL, NULL, NULL, NULL, NULL, NULL, NULL, 'N', NULL, '2020-10-08 12:18:35', 0, '2020-10-08 00:00:00', 5, 4, NULL, NULL, NULL, NULL, NULL, NULL, NULL, NULL, NULL, NULL, NULL, NULL, NULL, '437843', NULL, 1, NULL, NULL, NULL, NULL, NULL, 1, 1.00000000, 0, NULL, 1)
SET IDENTITY_INSERT B_GDO_ORDER OFF

-- B_GDO_BLOCK_ACCOUNTS
DELETE FROM B_GDO_BLOCK_ACCOUNTS WHERE GDODER_ID = 10490
INSERT INTO B_GDO_BLOCK_ACCOUNTS ([NO_COMPTE], [ACC_NAME], [QTY_ALLOCATED], [VALUE_ALLOCATED], [QTY_NEEDED], [GDODER_ID], [QTY_ALLOCATED_PHASE_ONE], [SOURCE_TYPE], [SOURCE_DATA], [QTY_ALLOCATED_INTRADAY], [REP_ID]) VALUES ('800207-RE', 'BLOOMFIELD BLUMA', 0.000000, NULL, 104.000000, 10490, NULL, 4, NULL, NULL, 13)

-- B_GDO_MESSAGELOG
SET IDENTITY_INSERT B_GDO_MESSAGELOG ON
DELETE FROM B_GDO_MESSAGELOG WHERE ORDER_ID = 10490
INSERT INTO B_GDO_MESSAGELOG ([MESSAGE_LOG_ID], [ORDER_ID], [STATUS], [USER_NUM], [DATE], [MESSAGE_OLD], [Visibility], [MESSAGE]) VALUES (226648, 10490, 70, 0, '2020-10-08 12:18:34', NULL, 1, '[Converted to block trade]. {OrdId:10490,Created:UNI00,Src:SingleTrade,Qty:104,000,SecId:4348,Market:NAS,Market}')
INSERT INTO B_GDO_MESSAGELOG ([MESSAGE_LOG_ID], [ORDER_ID], [STATUS], [USER_NUM], [DATE], [MESSAGE_OLD], [Visibility], [MESSAGE]) VALUES (226649, 10490, 70, 0, '2020-10-08 12:18:34', NULL, 1, '[Order saved]. {OrdId:10490,Created:UNI00,Src:SingleTrade,Qty:104,000,SecId:4348,Market:NAS,Market}')
INSERT INTO B_GDO_MESSAGELOG ([MESSAGE_LOG_ID], [ORDER_ID], [STATUS], [USER_NUM], [DATE], [MESSAGE_OLD], [Visibility], [MESSAGE]) VALUES (226666, 10490, 130, 0, '2020-10-08 12:18:35', NULL, 1, '[Order pending approval]. original status: Saved')
INSERT INTO B_GDO_MESSAGELOG ([MESSAGE_LOG_ID], [ORDER_ID], [STATUS], [USER_NUM], [DATE], [MESSAGE_OLD], [Visibility], [MESSAGE]) VALUES (226667, 10490, 130, 0, '2020-10-08 12:18:35', NULL, 0, NULL)
INSERT INTO B_GDO_MESSAGELOG ([MESSAGE_LOG_ID], [ORDER_ID], [STATUS], [USER_NUM], [DATE], [MESSAGE_OLD], [Visibility], [MESSAGE]) VALUES (226681, 10490, 10, 0, '2020-10-08 12:18:36', NULL, 0, NULL)
INSERT INTO B_GDO_MESSAGELOG ([MESSAGE_LOG_ID], [ORDER_ID], [STATUS], [USER_NUM], [DATE], [MESSAGE_OLD], [Visibility], [MESSAGE]) VALUES (226704, 10490, 140, 0, '2020-10-08 12:19:37', NULL, 1, '[Order pending cancel]. original status: Open')
INSERT INTO B_GDO_MESSAGELOG ([MESSAGE_LOG_ID], [ORDER_ID], [STATUS], [USER_NUM], [DATE], [MESSAGE_OLD], [Visibility], [MESSAGE]) VALUES (226705, 10490, 140, 0, '2020-10-08 12:19:37', NULL, 0, NULL)
INSERT INTO B_GDO_MESSAGELOG ([MESSAGE_LOG_ID], [ORDER_ID], [STATUS], [USER_NUM], [DATE], [MESSAGE_OLD], [Visibility], [MESSAGE]) VALUES (226706, 10490, 60, 0, '2020-10-08 12:19:37', NULL, 1, '[Cancelled by Automatic](NBFG-01 requested the order be cancelled). ord Status:Cancelled')
INSERT INTO B_GDO_MESSAGELOG ([MESSAGE_LOG_ID], [ORDER_ID], [STATUS], [USER_NUM], [DATE], [MESSAGE_OLD], [Visibility], [MESSAGE]) VALUES (226707, 10490, 60, 0, '2020-10-08 12:19:37', NULL, 0, 'CXL - NBFG-01 requested the order be cancelled')
SET IDENTITY_INSERT B_GDO_MESSAGELOG OFF

-- B_GDO_FILL

-- B_GDO_ORDERNOTES
DELETE FROM B_GDO_ORDERNOTES WHERE GDODER_ID = 10490
INSERT INTO B_GDO_ORDERNOTES ([GDODER_ID], [NOTE_ID], [NOTE_TYPE], [TIME_STAMP]) VALUES (10490, 4352, 8, NULL)
INSERT INTO B_GDO_ORDERNOTES ([GDODER_ID], [NOTE_ID], [NOTE_TYPE], [TIME_STAMP]) VALUES (10490, 4364, 101, NULL)
INSERT INTO B_GDO_ORDERNOTES ([GDODER_ID], [NOTE_ID], [NOTE_TYPE], [TIME_STAMP]) VALUES (10490, 4365, 102, NULL)

-- B_NOTE
SET IDENTITY_INSERT B_NOTE ON
DELETE FROM B_NOTE WHERE NOTE_ID = 4352
INSERT INTO B_NOTE ([NOTE_ID], [COMMNOTE], [USER_NUM], [DATE_CREAT], [DATE_MAJ], [IS_REVIEW], [EFFECTIVE_DATE]) VALUES (4352, '??A|C(P)', NULL, NULL, NULL, NULL, NULL)
DELETE FROM B_NOTE WHERE NOTE_ID = 4364
INSERT INTO B_NOTE ([NOTE_ID], [COMMNOTE], [USER_NUM], [DATE_CREAT], [DATE_MAJ], [IS_REVIEW], [EFFECTIVE_DATE]) VALUES (4364, '''2''''16''', NULL, NULL, NULL, NULL, NULL)
DELETE FROM B_NOTE WHERE NOTE_ID = 4365
INSERT INTO B_NOTE ([NOTE_ID], [COMMNOTE], [USER_NUM], [DATE_CREAT], [DATE_MAJ], [IS_REVIEW], [EFFECTIVE_DATE]) VALUES (4365, '
8.FIX.4.2_SOH_9.219_SOH_35.D_SOH_34.1465_SOH_49.CROESUS_SOH_50.UNI00_SOH_52.20201008-16:18:36.019_SOH_56.NBFG_SOH_1.USD_ACCOUNT_SOH_11.CROESUS1_10490_SOH_15.USD_SOH_18.5_SOH_21.3_SOH_22.1_SOH_38.104_SOH_40.1_SOH_47.A_SOH_48.594918104_SOH_54.1_SOH_55.MSFT_SOH_58.??A|C(P)_SOH_59.0_SOH_60.20201008-16:18:36.018_SOH_207.O_SOH_6750.CL_SOH_10.138_SOH_
8.FIX.4.2_SOH_9.196_SOH_35.F_SOH_34.1472_SOH_49.CROESUS_SOH_50.UNI00_SOH_52.20201008-16:19:37.781_SOH_56.NBFG_SOH_1.USD_ACCOUNT_SOH_11.CROESUS1_CXL10490_SOH_22.1_SOH_38.104_SOH_41.CROESUS1_10490_SOH_48.594918104_SOH_54.1_SOH_55.MSFT_SOH_60.20201008-16:19:37.716_SOH_207.O_SOH_6750.CL_SOH_10.054_SOH_', NULL, NULL, NULL, NULL, NULL)
SET IDENTITY_INSERT B_NOTE OFF

COMMIT TRANSACTION
END
/* 
-- ***********************************
-- Order ID : 10497
-- ***********************************
IF(NOT EXISTS(SELECT 1 FROM B_GDO_ORDER WHERE GDODER_ID = 10497) OR '2020-10-08 12:41:16' >= (SELECT TSTAMP_STATUS FROM B_GDO_ORDER WHERE GDODER_ID = 10497))
BEGIN
BEGIN TRANSACTION

-- B_GDO_ORDER
SET IDENTITY_INSERT B_GDO_ORDER ON
DELETE FROM B_GDO_ORDER WHERE GDODER_ID = 10497
INSERT INTO B_GDO_ORDER ([GDODER_ID], [NO_COMPTE], [SECURITY], [QUANTITY], [EXEC_QUANTITY], [QUANTITY_TYPE], [REQUIREMENT], [PRICE], [EXEC_PRICE], [RATE], [CURRENCY], [PRICE_IA], [PRICE_TYPE], [WIRE_NUMBER], [TYPE], [STATUS], [TSTAMP_EXEC], [EXCHANGE_ID], [ROUTING_ID], [EXP_TYPE], [EXP_DATE], [STOP_TYPE], [STOP_PRICE], [COMMISSION], [USER_CREATE], [TSTAMP_CREATE], [USER_CFO], [TSTAMP_CFO], [CANCEL], [AFTER_HOURS], [SOLICIT], [STOP], [COMM_TYPE], [HOLD_MAIL], [NOTE_TYPE], [COMM_REP_ID], [COMM_IA], [PRO], [PRO_TYPE], [ORDER_SYMBOL], [FIN_INSTRUMENT], [TSTAMP_STATUS], [TYPEOFCOMM], [COVERED], [REP_ID], [NO_REP], [USER_STATUS], [NO_CLIENT], [DISPLAY_ORDER], [PARTIAL], [ALTER_ORDER_NUMBER], [COMMISSION_PERCENTAGE], [OFFSETTING], [SHORT], [TSTAMP_CANCEL], [USER_CANCEL], [BEHALF_CODE], [DESTINATION_CODE], [ORDER_DATE], [VALUE_DATE], [DISCRETIONARY_PRICE], [CODED_TRAILER], [ADJUSTMENT], [COMMISSION_CODE], [GROSS_AMOUNT], [NO_TRANS], [POSTED], [ACC_NAME], [IA_NAME], [SEC_DESC_L1], [SEC_DESC_L2], [CHARAC], [TRADE_TYPE], [SETTLED_DATE], [CLIENT_TRADE_BASIS], [MARKET], [INVENTORY_CODE], [SUPPLEMENTARY_NOTE], [YIELD_ANNUAL], [YIELD_S_ANNUAL], [SECURITY_TO], [DISTRIBUTION], [LOAD_PERCENTAGE], [IS_WASH], [RATE_TYPE], [TSTAMP_VERIFY], [USER_VERIFY], [BLOTTER_DATE], [SUP_ID], [SOURCE_TYPE], [SOURCE_DATA], [EXPORT_DEF_ID], [FRONT_END], [CONTRACT_EXCEPTION], [ICEBERG], [ORIGINAL_ORDER_ID], [TRADER_TYPE], [SUB_SEQ_NUM], [SHORT_SELL], [ANONYMOUS], [SYMBOLTO], [EXCHANGETO_ID], [RATE_INTERNAL_NUMBER], [SECUFIRM], [EXEC_QUANTITY_INTRADAY], [CONTENT_TYPE], [CONTENT_DATA], [PLATFORM_TYPE], [IS_MANUAL_ORDER_HANDLING], [QUANTITY_UNSOLICITED], [SUPPLIER_MARKET], [FACTEUR], [PRINFACT], [AFF_DECIMAL], [AFF_FACT], [ORDER_TYPE]) VALUES (10497, '800049-NA', 9717, 6000000.000, 0.000, 'B', 0, 0.00000000, 0.00000000, NULL, 'USD', 0.00000000, '0', 'CF10497', 10, 130, NULL, 315, NULL, 1, NULL, 0, 0.00000000, 0.00, 0, '2020-10-08 12:39:50', NULL, NULL, 'N', 'N', 'Y', NULL, 'T', NULL, '0', NULL, NULL, 'N', 'N', 'FID756', 2, '2020-10-08 12:41:16', 20, 0, 13, 'AC42', 0, NULL, 0, '0', NULL, NULL, NULL, 'N', NULL, NULL, NULL, NULL, '2020-10-08 00:00:00', NULL, NULL, NULL, NULL, NULL, 0.00, NULL, 'N', 'ARMAND ARVIS', NULL, 'FID AM RN ELV-B U$/N', 'FID AM HI YLD-B U$/N', NULL, 1, NULL, NULL, NULL, NULL, NULL, NULL, NULL, NULL, 'R', NULL, 'N', NULL, '2020-10-08 12:41:16', 0, '2020-10-08 00:00:00', 6, 4, NULL, NULL, 'G', NULL, NULL, NULL, NULL, NULL, NULL, NULL, NULL, NULL, NULL, '995157', NULL, 1, NULL, NULL, NULL, NULL, NULL, -1000, 1.00000000, 3, -1000, 1)
SET IDENTITY_INSERT B_GDO_ORDER OFF

-- B_GDO_BLOCK_ACCOUNTS

-- B_GDO_MESSAGELOG
SET IDENTITY_INSERT B_GDO_MESSAGELOG ON
DELETE FROM B_GDO_MESSAGELOG WHERE ORDER_ID = 10497
INSERT INTO B_GDO_MESSAGELOG ([MESSAGE_LOG_ID], [ORDER_ID], [STATUS], [USER_NUM], [DATE], [MESSAGE_OLD], [Visibility], [MESSAGE]) VALUES (226708, 10497, 70, 0, '2020-10-08 12:39:50', NULL, 1, '[Single Trade created]. {OrdId:new,Created:UNI00,Src:SingleTrade,6000000,000$,SecId:9717,Market:,Market}')
INSERT INTO B_GDO_MESSAGELOG ([MESSAGE_LOG_ID], [ORDER_ID], [STATUS], [USER_NUM], [DATE], [MESSAGE_OLD], [Visibility], [MESSAGE]) VALUES (226709, 10497, 70, 0, '2020-10-08 12:39:50', NULL, 0, NULL)
INSERT INTO B_GDO_MESSAGELOG ([MESSAGE_LOG_ID], [ORDER_ID], [STATUS], [USER_NUM], [DATE], [MESSAGE_OLD], [Visibility], [MESSAGE]) VALUES (226712, 10497, 70, 0, '2020-10-08 12:41:15', NULL, 1, '[Order saved]. {OrdId:10497,Created:UNI00,Src:SingleTrade,6000000,000$,SecId:9717,Market:,Market}')
INSERT INTO B_GDO_MESSAGELOG ([MESSAGE_LOG_ID], [ORDER_ID], [STATUS], [USER_NUM], [DATE], [MESSAGE_OLD], [Visibility], [MESSAGE]) VALUES (226714, 10497, 130, 0, '2020-10-08 12:41:16', NULL, 1, '[Order pending approval]. original status: Saved')
INSERT INTO B_GDO_MESSAGELOG ([MESSAGE_LOG_ID], [ORDER_ID], [STATUS], [USER_NUM], [DATE], [MESSAGE_OLD], [Visibility], [MESSAGE]) VALUES (226715, 10497, 130, 0, '2020-10-08 12:41:16', NULL, 0, NULL)
SET IDENTITY_INSERT B_GDO_MESSAGELOG OFF

-- B_GDO_FILL

-- B_GDO_ORDERNOTES

-- B_NOTE

COMMIT TRANSACTION
END

-- ***********************************
-- Order ID : 10498
-- ***********************************
IF(NOT EXISTS(SELECT 1 FROM B_GDO_ORDER WHERE GDODER_ID = 10498) OR '2020-10-08 12:41:16' >= (SELECT TSTAMP_STATUS FROM B_GDO_ORDER WHERE GDODER_ID = 10498))
BEGIN
BEGIN TRANSACTION

-- B_GDO_ORDER
SET IDENTITY_INSERT B_GDO_ORDER ON
DELETE FROM B_GDO_ORDER WHERE GDODER_ID = 10498
INSERT INTO B_GDO_ORDER ([GDODER_ID], [NO_COMPTE], [SECURITY], [QUANTITY], [EXEC_QUANTITY], [QUANTITY_TYPE], [REQUIREMENT], [PRICE], [EXEC_PRICE], [RATE], [CURRENCY], [PRICE_IA], [PRICE_TYPE], [WIRE_NUMBER], [TYPE], [STATUS], [TSTAMP_EXEC], [EXCHANGE_ID], [ROUTING_ID], [EXP_TYPE], [EXP_DATE], [STOP_TYPE], [STOP_PRICE], [COMMISSION], [USER_CREATE], [TSTAMP_CREATE], [USER_CFO], [TSTAMP_CFO], [CANCEL], [AFTER_HOURS], [SOLICIT], [STOP], [COMM_TYPE], [HOLD_MAIL], [NOTE_TYPE], [COMM_REP_ID], [COMM_IA], [PRO], [PRO_TYPE], [ORDER_SYMBOL], [FIN_INSTRUMENT], [TSTAMP_STATUS], [TYPEOFCOMM], [COVERED], [REP_ID], [NO_REP], [USER_STATUS], [NO_CLIENT], [DISPLAY_ORDER], [PARTIAL], [ALTER_ORDER_NUMBER], [COMMISSION_PERCENTAGE], [OFFSETTING], [SHORT], [TSTAMP_CANCEL], [USER_CANCEL], [BEHALF_CODE], [DESTINATION_CODE], [ORDER_DATE], [VALUE_DATE], [DISCRETIONARY_PRICE], [CODED_TRAILER], [ADJUSTMENT], [COMMISSION_CODE], [GROSS_AMOUNT], [NO_TRANS], [POSTED], [ACC_NAME], [IA_NAME], [SEC_DESC_L1], [SEC_DESC_L2], [CHARAC], [TRADE_TYPE], [SETTLED_DATE], [CLIENT_TRADE_BASIS], [MARKET], [INVENTORY_CODE], [SUPPLEMENTARY_NOTE], [YIELD_ANNUAL], [YIELD_S_ANNUAL], [SECURITY_TO], [DISTRIBUTION], [LOAD_PERCENTAGE], [IS_WASH], [RATE_TYPE], [TSTAMP_VERIFY], [USER_VERIFY], [BLOTTER_DATE], [SUP_ID], [SOURCE_TYPE], [SOURCE_DATA], [EXPORT_DEF_ID], [FRONT_END], [CONTRACT_EXCEPTION], [ICEBERG], [ORIGINAL_ORDER_ID], [TRADER_TYPE], [SUB_SEQ_NUM], [SHORT_SELL], [ANONYMOUS], [SYMBOLTO], [EXCHANGETO_ID], [RATE_INTERNAL_NUMBER], [SECUFIRM], [EXEC_QUANTITY_INTRADAY], [CONTENT_TYPE], [CONTENT_DATA], [PLATFORM_TYPE], [IS_MANUAL_ORDER_HANDLING], [QUANTITY_UNSOLICITED], [SUPPLIER_MARKET], [FACTEUR], [PRINFACT], [AFF_DECIMAL], [AFF_FACT], [ORDER_TYPE]) VALUES (10498, '800049-OB', 9652, 60000000.000, 0.000, 'B', 0, 0.00000000, 0.00000000, NULL, 'USD', 0.00000000, '0', 'CF10498', 20, 130, NULL, 316, NULL, 1, NULL, 0, 0.00000000, 0.00, 0, '2020-10-08 12:41:07', NULL, NULL, 'N', 'N', 'Y', NULL, 'T', NULL, '0', NULL, NULL, 'N', 'N', 'FID422C', 2, '2020-10-08 12:41:16', 20, 0, 13, 'AC42', 0, NULL, 0, '0', NULL, NULL, NULL, 'N', NULL, NULL, NULL, NULL, '2020-10-08 00:00:00', NULL, NULL, NULL, NULL, NULL, 0.00, NULL, 'N', 'ARMAND ARVIS', NULL, 'FID F/EAST U$     /D', 'FID E/ORIENT U$   /S', NULL, 1, NULL, NULL, NULL, NULL, NULL, NULL, NULL, NULL, 'R', NULL, 'N', NULL, '2020-10-08 12:41:16', 0, '2020-10-08 00:00:00', 6, 4, NULL, NULL, 'G', NULL, NULL, NULL, NULL, NULL, NULL, NULL, NULL, NULL, NULL, '994989', NULL, 1, NULL, NULL, NULL, NULL, NULL, -1000, 1.00000000, 3, -1000, 1)
SET IDENTITY_INSERT B_GDO_ORDER OFF

-- B_GDO_BLOCK_ACCOUNTS

-- B_GDO_MESSAGELOG
SET IDENTITY_INSERT B_GDO_MESSAGELOG ON
DELETE FROM B_GDO_MESSAGELOG WHERE ORDER_ID = 10498
INSERT INTO B_GDO_MESSAGELOG ([MESSAGE_LOG_ID], [ORDER_ID], [STATUS], [USER_NUM], [DATE], [MESSAGE_OLD], [Visibility], [MESSAGE]) VALUES (226710, 10498, 70, 0, '2020-10-08 12:41:07', NULL, 1, '[Single Trade created]. {OrdId:new,Created:UNI00,Src:SingleTrade,60000000,000$,SecId:9652,Market:,Market}')
INSERT INTO B_GDO_MESSAGELOG ([MESSAGE_LOG_ID], [ORDER_ID], [STATUS], [USER_NUM], [DATE], [MESSAGE_OLD], [Visibility], [MESSAGE]) VALUES (226711, 10498, 70, 0, '2020-10-08 12:41:07', NULL, 0, NULL)
INSERT INTO B_GDO_MESSAGELOG ([MESSAGE_LOG_ID], [ORDER_ID], [STATUS], [USER_NUM], [DATE], [MESSAGE_OLD], [Visibility], [MESSAGE]) VALUES (226713, 10498, 70, 0, '2020-10-08 12:41:16', NULL, 1, '[Order saved]. {OrdId:10498,Created:UNI00,Src:SingleTrade,60000000,000$,SecId:9652,Market:,Market}')
INSERT INTO B_GDO_MESSAGELOG ([MESSAGE_LOG_ID], [ORDER_ID], [STATUS], [USER_NUM], [DATE], [MESSAGE_OLD], [Visibility], [MESSAGE]) VALUES (226716, 10498, 130, 0, '2020-10-08 12:41:16', NULL, 1, '[Order pending approval]. original status: Saved')
INSERT INTO B_GDO_MESSAGELOG ([MESSAGE_LOG_ID], [ORDER_ID], [STATUS], [USER_NUM], [DATE], [MESSAGE_OLD], [Visibility], [MESSAGE]) VALUES (226717, 10498, 130, 0, '2020-10-08 12:41:16', NULL, 0, NULL)
SET IDENTITY_INSERT B_GDO_MESSAGELOG OFF

-- B_GDO_FILL

-- B_GDO_ORDERNOTES

-- B_NOTE

COMMIT TRANSACTION
END */

-- ***********************************
-- Order ID : 10502
-- ***********************************
IF(NOT EXISTS(SELECT 1 FROM B_GDO_ORDER WHERE GDODER_ID = 10502) OR '2020-10-08 12:50:34' >= (SELECT TSTAMP_STATUS FROM B_GDO_ORDER WHERE GDODER_ID = 10502))
BEGIN
BEGIN TRANSACTION

-- B_GDO_ORDER
SET IDENTITY_INSERT B_GDO_ORDER ON
DELETE FROM B_GDO_ORDER WHERE GDODER_ID = 10502
INSERT INTO B_GDO_ORDER ([GDODER_ID], [NO_COMPTE], [SECURITY], [QUANTITY], [EXEC_QUANTITY], [QUANTITY_TYPE], [REQUIREMENT], [PRICE], [EXEC_PRICE], [RATE], [CURRENCY], [PRICE_IA], [PRICE_TYPE], [WIRE_NUMBER], [TYPE], [STATUS], [TSTAMP_EXEC], [EXCHANGE_ID], [ROUTING_ID], [EXP_TYPE], [EXP_DATE], [STOP_TYPE], [STOP_PRICE], [COMMISSION], [USER_CREATE], [TSTAMP_CREATE], [USER_CFO], [TSTAMP_CFO], [CANCEL], [AFTER_HOURS], [SOLICIT], [STOP], [COMM_TYPE], [HOLD_MAIL], [NOTE_TYPE], [COMM_REP_ID], [COMM_IA], [PRO], [PRO_TYPE], [ORDER_SYMBOL], [FIN_INSTRUMENT], [TSTAMP_STATUS], [TYPEOFCOMM], [COVERED], [REP_ID], [NO_REP], [USER_STATUS], [NO_CLIENT], [DISPLAY_ORDER], [PARTIAL], [ALTER_ORDER_NUMBER], [COMMISSION_PERCENTAGE], [OFFSETTING], [SHORT], [TSTAMP_CANCEL], [USER_CANCEL], [BEHALF_CODE], [DESTINATION_CODE], [ORDER_DATE], [VALUE_DATE], [DISCRETIONARY_PRICE], [CODED_TRAILER], [ADJUSTMENT], [COMMISSION_CODE], [GROSS_AMOUNT], [NO_TRANS], [POSTED], [ACC_NAME], [IA_NAME], [SEC_DESC_L1], [SEC_DESC_L2], [CHARAC], [TRADE_TYPE], [SETTLED_DATE], [CLIENT_TRADE_BASIS], [MARKET], [INVENTORY_CODE], [SUPPLEMENTARY_NOTE], [YIELD_ANNUAL], [YIELD_S_ANNUAL], [SECURITY_TO], [DISTRIBUTION], [LOAD_PERCENTAGE], [IS_WASH], [RATE_TYPE], [TSTAMP_VERIFY], [USER_VERIFY], [BLOTTER_DATE], [SUP_ID], [SOURCE_TYPE], [SOURCE_DATA], [EXPORT_DEF_ID], [FRONT_END], [CONTRACT_EXCEPTION], [ICEBERG], [ORIGINAL_ORDER_ID], [TRADER_TYPE], [SUB_SEQ_NUM], [SHORT_SELL], [ANONYMOUS], [SYMBOLTO], [EXCHANGETO_ID], [RATE_INTERNAL_NUMBER], [SECUFIRM], [EXEC_QUANTITY_INTRADAY], [CONTENT_TYPE], [CONTENT_DATA], [PLATFORM_TYPE], [IS_MANUAL_ORDER_HANDLING], [QUANTITY_UNSOLICITED], [SUPPLIER_MARKET], [FACTEUR], [PRINFACT], [AFF_DECIMAL], [AFF_FACT], [ORDER_TYPE]) VALUES (10502, 'USD_ACCOUNT', 340152459, 90.000, 0.000, 'Q', 0, 0.00000000, 0.00000000, NULL, 'USD', 0.00000000, '0', 'CF10502', 20, 130, NULL, 316, NULL, 1, NULL, 0, 0.00000000, 0.00, 0, '2020-10-08 12:49:38', NULL, NULL, 'N', 'N', 'Y', NULL, 'T', NULL, '0', NULL, NULL, 'N', 'N', 'A27404', 3, '2020-10-08 12:50:34', 20, 0, 13, 'AC42', 0, NULL, 0, '0', NULL, NULL, NULL, 'N', NULL, NULL, NULL, NULL, '2020-10-08 00:00:00', NULL, NULL, NULL, NULL, NULL, 0.00, NULL, 'N', NULL, NULL, 'EDC CB S/U  U$4.25% 3JN13', 'EDC CB T/P  U$4.25% 3JN13', NULL, 2, NULL, NULL, NULL, NULL, NULL, NULL, NULL, NULL, NULL, NULL, 'N', NULL, '2020-10-08 12:50:34', 0, '2020-10-08 00:00:00', 4, 4, NULL, NULL, NULL, NULL, NULL, NULL, NULL, NULL, NULL, NULL, NULL, NULL, NULL, 'A27404', NULL, 1, NULL, NULL, NULL, NULL, NULL, -100, 1.00000000, 0, 1, 1)
SET IDENTITY_INSERT B_GDO_ORDER OFF

-- B_GDO_BLOCK_ACCOUNTS
DELETE FROM B_GDO_BLOCK_ACCOUNTS WHERE GDODER_ID = 10502
INSERT INTO B_GDO_BLOCK_ACCOUNTS ([NO_COMPTE], [ACC_NAME], [QTY_ALLOCATED], [VALUE_ALLOCATED], [QTY_NEEDED], [GDODER_ID], [QTY_ALLOCATED_PHASE_ONE], [SOURCE_TYPE], [SOURCE_DATA], [QTY_ALLOCATED_INTRADAY], [REP_ID]) VALUES ('800049-OB', 'ARMAND ARVIS', 0.000000, NULL, 90.000000, 10502, NULL, 4, NULL, NULL, 13)

-- B_GDO_MESSAGELOG
SET IDENTITY_INSERT B_GDO_MESSAGELOG ON
DELETE FROM B_GDO_MESSAGELOG WHERE ORDER_ID = 10502
INSERT INTO B_GDO_MESSAGELOG ([MESSAGE_LOG_ID], [ORDER_ID], [STATUS], [USER_NUM], [DATE], [MESSAGE_OLD], [Visibility], [MESSAGE]) VALUES (226749, 10502, 70, 0, '2020-10-08 12:49:38', NULL, 1, '[Single Trade created]. {OrdId:new,Created:UNI00,Src:SingleTrade,Qty:90,000,SecId:400264408,Market:TSE,Market}')
INSERT INTO B_GDO_MESSAGELOG ([MESSAGE_LOG_ID], [ORDER_ID], [STATUS], [USER_NUM], [DATE], [MESSAGE_OLD], [Visibility], [MESSAGE]) VALUES (226750, 10502, 70, 0, '2020-10-08 12:49:38', NULL, 0, NULL)
INSERT INTO B_GDO_MESSAGELOG ([MESSAGE_LOG_ID], [ORDER_ID], [STATUS], [USER_NUM], [DATE], [MESSAGE_OLD], [Visibility], [MESSAGE]) VALUES (226751, 10502, 70, 0, '2020-10-08 12:50:11', NULL, 1, '[Order saved]. {OrdId:10502,Created:UNI00,Src:SingleTrade,Qty:90,000,SecId:340152459,Market:,Market}')
INSERT INTO B_GDO_MESSAGELOG ([MESSAGE_LOG_ID], [ORDER_ID], [STATUS], [USER_NUM], [DATE], [MESSAGE_OLD], [Visibility], [MESSAGE]) VALUES (226755, 10502, 70, 0, '2020-10-08 12:50:34', NULL, 1, '[Converted to block trade]. {OrdId:10502,Created:UNI00,Src:SingleTrade,Qty:90,000,SecId:340152459,Market:,Market}')
INSERT INTO B_GDO_MESSAGELOG ([MESSAGE_LOG_ID], [ORDER_ID], [STATUS], [USER_NUM], [DATE], [MESSAGE_OLD], [Visibility], [MESSAGE]) VALUES (226756, 10502, 130, 0, '2020-10-08 12:50:34', NULL, 0, NULL)
SET IDENTITY_INSERT B_GDO_MESSAGELOG OFF

-- B_GDO_FILL

-- B_GDO_ORDERNOTES

-- B_NOTE

COMMIT TRANSACTION
END

-- ***********************************
-- Order ID : 10501
-- ***********************************
IF(NOT EXISTS(SELECT 1 FROM B_GDO_ORDER WHERE GDODER_ID = 10501) OR '2020-10-08 12:57:00' >= (SELECT TSTAMP_STATUS FROM B_GDO_ORDER WHERE GDODER_ID = 10501))
BEGIN
BEGIN TRANSACTION

-- B_GDO_ORDER
SET IDENTITY_INSERT B_GDO_ORDER ON
DELETE FROM B_GDO_ORDER WHERE GDODER_ID = 10501
INSERT INTO B_GDO_ORDER ([GDODER_ID], [NO_COMPTE], [SECURITY], [QUANTITY], [EXEC_QUANTITY], [QUANTITY_TYPE], [REQUIREMENT], [PRICE], [EXEC_PRICE], [RATE], [CURRENCY], [PRICE_IA], [PRICE_TYPE], [WIRE_NUMBER], [TYPE], [STATUS], [TSTAMP_EXEC], [EXCHANGE_ID], [ROUTING_ID], [EXP_TYPE], [EXP_DATE], [STOP_TYPE], [STOP_PRICE], [COMMISSION], [USER_CREATE], [TSTAMP_CREATE], [USER_CFO], [TSTAMP_CFO], [CANCEL], [AFTER_HOURS], [SOLICIT], [STOP], [COMM_TYPE], [HOLD_MAIL], [NOTE_TYPE], [COMM_REP_ID], [COMM_IA], [PRO], [PRO_TYPE], [ORDER_SYMBOL], [FIN_INSTRUMENT], [TSTAMP_STATUS], [TYPEOFCOMM], [COVERED], [REP_ID], [NO_REP], [USER_STATUS], [NO_CLIENT], [DISPLAY_ORDER], [PARTIAL], [ALTER_ORDER_NUMBER], [COMMISSION_PERCENTAGE], [OFFSETTING], [SHORT], [TSTAMP_CANCEL], [USER_CANCEL], [BEHALF_CODE], [DESTINATION_CODE], [ORDER_DATE], [VALUE_DATE], [DISCRETIONARY_PRICE], [CODED_TRAILER], [ADJUSTMENT], [COMMISSION_CODE], [GROSS_AMOUNT], [NO_TRANS], [POSTED], [ACC_NAME], [IA_NAME], [SEC_DESC_L1], [SEC_DESC_L2], [CHARAC], [TRADE_TYPE], [SETTLED_DATE], [CLIENT_TRADE_BASIS], [MARKET], [INVENTORY_CODE], [SUPPLEMENTARY_NOTE], [YIELD_ANNUAL], [YIELD_S_ANNUAL], [SECURITY_TO], [DISTRIBUTION], [LOAD_PERCENTAGE], [IS_WASH], [RATE_TYPE], [TSTAMP_VERIFY], [USER_VERIFY], [BLOTTER_DATE], [SUP_ID], [SOURCE_TYPE], [SOURCE_DATA], [EXPORT_DEF_ID], [FRONT_END], [CONTRACT_EXCEPTION], [ICEBERG], [ORIGINAL_ORDER_ID], [TRADER_TYPE], [SUB_SEQ_NUM], [SHORT_SELL], [ANONYMOUS], [SYMBOLTO], [EXCHANGETO_ID], [RATE_INTERNAL_NUMBER], [SECUFIRM], [EXEC_QUANTITY_INTRADAY], [CONTENT_TYPE], [CONTENT_DATA], [PLATFORM_TYPE], [IS_MANUAL_ORDER_HANDLING], [QUANTITY_UNSOLICITED], [SUPPLIER_MARKET], [FACTEUR], [PRINFACT], [AFF_DECIMAL], [AFF_FACT], [ORDER_TYPE]) VALUES (10501, 'USD_ACCOUNT', 340152459, 600.000, 600.000, 'Q', 0, 0.00000000, 5.00000000, NULL, 'USD', 6.00000000, '0', 'CF10501', 10, 40, '2020-10-08 12:56:49', 316, NULL, 1, NULL, 0, 0.00000000, 0.00, 0, '2020-10-08 12:49:25', NULL, NULL, 'N', 'N', 'Y', NULL, 'T', NULL, '0', NULL, NULL, 'N', 'N', 'A27404', 3, '2020-10-08 12:57:00', 20, 0, 13, 'AC42', 0, NULL, 30, '0', NULL, NULL, NULL, 'N', NULL, NULL, NULL, NULL, '2020-10-08 00:00:00', NULL, NULL, NULL, NULL, NULL, 0.00, NULL, 'N', NULL, NULL, 'EDC CB S/U  U$4.25% 3JN13', 'EDC CB T/P  U$4.25% 3JN13', NULL, 2, '2020-10-14 00:00:00', 'P', 'NU', 'AD', NULL, 8.00000000, 9.00000000, NULL, NULL, NULL, 'N', NULL, '2020-10-08 12:50:34', 0, '2020-10-08 00:00:00', 4, 4, NULL, NULL, NULL, NULL, NULL, NULL, NULL, NULL, NULL, NULL, NULL, NULL, NULL, 'A27404', NULL, 1, NULL, NULL, NULL, NULL, NULL, -100, 1.00000000, 0, 1, 1)
SET IDENTITY_INSERT B_GDO_ORDER OFF

-- B_GDO_BLOCK_ACCOUNTS
DELETE FROM B_GDO_BLOCK_ACCOUNTS WHERE GDODER_ID = 10501
INSERT INTO B_GDO_BLOCK_ACCOUNTS ([NO_COMPTE], [ACC_NAME], [QTY_ALLOCATED], [VALUE_ALLOCATED], [QTY_NEEDED], [GDODER_ID], [QTY_ALLOCATED_PHASE_ONE], [SOURCE_TYPE], [SOURCE_DATA], [QTY_ALLOCATED_INTRADAY], [REP_ID]) VALUES ('800049-RE', 'ARMAND ARVIS', 600.000000, NULL, 600.000000, 10501, NULL, 4, NULL, NULL, 13)

-- B_GDO_MESSAGELOG
SET IDENTITY_INSERT B_GDO_MESSAGELOG ON
DELETE FROM B_GDO_MESSAGELOG WHERE ORDER_ID = 10501
INSERT INTO B_GDO_MESSAGELOG ([MESSAGE_LOG_ID], [ORDER_ID], [STATUS], [USER_NUM], [DATE], [MESSAGE_OLD], [Visibility], [MESSAGE]) VALUES (226747, 10501, 70, 0, '2020-10-08 12:49:25', NULL, 1, '[Single Trade created]. {OrdId:new,Created:UNI00,Src:SingleTrade,Qty:600,000,SecId:400264408,Market:TSE,Market}')
INSERT INTO B_GDO_MESSAGELOG ([MESSAGE_LOG_ID], [ORDER_ID], [STATUS], [USER_NUM], [DATE], [MESSAGE_OLD], [Visibility], [MESSAGE]) VALUES (226748, 10501, 70, 0, '2020-10-08 12:49:25', NULL, 0, NULL)
INSERT INTO B_GDO_MESSAGELOG ([MESSAGE_LOG_ID], [ORDER_ID], [STATUS], [USER_NUM], [DATE], [MESSAGE_OLD], [Visibility], [MESSAGE]) VALUES (226752, 10501, 70, 0, '2020-10-08 12:50:17', NULL, 1, '[Order saved]. {OrdId:10501,Created:UNI00,Src:SingleTrade,Qty:600,000,SecId:340152459,Market:,Market}')
INSERT INTO B_GDO_MESSAGELOG ([MESSAGE_LOG_ID], [ORDER_ID], [STATUS], [USER_NUM], [DATE], [MESSAGE_OLD], [Visibility], [MESSAGE]) VALUES (226753, 10501, 70, 0, '2020-10-08 12:50:34', NULL, 1, '[Converted to block trade]. {OrdId:10501,Created:UNI00,Src:SingleTrade,Qty:600,000,SecId:340152459,Market:,Market}')
INSERT INTO B_GDO_MESSAGELOG ([MESSAGE_LOG_ID], [ORDER_ID], [STATUS], [USER_NUM], [DATE], [MESSAGE_OLD], [Visibility], [MESSAGE]) VALUES (226754, 10501, 130, 0, '2020-10-08 12:50:34', NULL, 0, NULL)
INSERT INTO B_GDO_MESSAGELOG ([MESSAGE_LOG_ID], [ORDER_ID], [STATUS], [USER_NUM], [DATE], [MESSAGE_OLD], [Visibility], [MESSAGE]) VALUES (226757, 10501, 10, 0, '2020-10-08 12:56:46', NULL, 0, NULL)
INSERT INTO B_GDO_MESSAGELOG ([MESSAGE_LOG_ID], [ORDER_ID], [STATUS], [USER_NUM], [DATE], [MESSAGE_OLD], [Visibility], [MESSAGE]) VALUES (226758, 10501, 40, 0, '2020-10-08 12:57:00', NULL, 0, '600 @ 5 CF10501')
SET IDENTITY_INSERT B_GDO_MESSAGELOG OFF

-- B_GDO_FILL
SET IDENTITY_INSERT B_GDO_FILL ON
DELETE FROM B_GDO_FILL WHERE WIRE_NUMBER = 'CF10501'
INSERT INTO B_GDO_FILL ([GDOFILL_ID], [WIRE_NUMBER], [SUB_WIRE_NUMBER], [TSTAMP_CREATE], [TSTAMP_EXEC], [SETTLED_DATE], [CLIENT_TRADE_BASIS], [MARKET], [EXPORT_DEF_ID], [QUANTITY], [PRICE], [PRICE_IA], [STATUS], [RATE], [RATE_TYPE], [IS_WASH], [CODED_TRAILER], [SUPPLEMENTARY_NOTE], [INVENTORY_CODE], [YIELD_ANNUAL], [YIELD_S_ANNUAL], [SUPPLIER_MARKET]) VALUES (108389, 'CF10501', '1', '2020-10-08 12:56:49', '2020-10-08 12:56:49', '2020-10-14 00:00:00', 'P', 'NU', NULL, 600.000, 5.00000000, 6.00000000, 40, NULL, NULL, NULL, NULL, NULL, 'AD', 8.00000000, 9.00000000, NULL)
SET IDENTITY_INSERT B_GDO_FILL OFF

-- B_GDO_ORDERNOTES
DELETE FROM B_GDO_ORDERNOTES WHERE GDODER_ID = 10501
INSERT INTO B_GDO_ORDERNOTES ([GDODER_ID], [NOTE_ID], [NOTE_TYPE], [TIME_STAMP]) VALUES (10501, 4382, 100, NULL)

-- B_NOTE
SET IDENTITY_INSERT B_NOTE ON
DELETE FROM B_NOTE WHERE NOTE_ID = 4382
INSERT INTO B_NOTE ([NOTE_ID], [COMMNOTE], [USER_NUM], [DATE_CREAT], [DATE_MAJ], [IS_REVIEW], [EFFECTIVE_DATE]) VALUES (4382, '7', NULL, NULL, NULL, NULL, NULL)
SET IDENTITY_INSERT B_NOTE OFF

COMMIT TRANSACTION
END

GO